Workbook

Sheet _Seasonal-Products
A1: Fork Ranger Name | B1: common other names
A2: Abricot
A3: Apple
A4: Artichoke
A5: Asparagus
A6: Aubergine | B6: Eggplant
A7: Avocado
A8: Beetroot | B8: Beets
A9: Bell pepper | B9: Peppers
A10: Blackberry | B10: Brambles
A11: Blueberry
A12: Broad beans
A13: Broccoli
A14: Brussels sprouts
A15: Carrot
A16: Cauliflower
A17: Celery
A18: Cherry
A19: Chicory
A20: Chinese Cabbage | B20: Napa Cabbage
A21: Corn
A22: Cucumber
A23: Endive
A24: Fennel
A25: Fig
A26: Grapefruit | B26: Pummelo
A27: Grapes | B27: Muscadines
A28: Green bean | B28: Snap Bean
A29: Kale
A30: Kiwi
A31: Kohlrabi
A32: Leek
A33: Lettuce
A34: Loquat
A35: Mandarine | B35: Mandarin, Clementine, Tangerine
A36: Melon | B36: Cantaloupe
A37: Nectarine
A38: Orange
A39: Parsnip
A40: Peach
A41: Pear
A42: Peas
A43: Persimmon
A44: Plum
A45: Pointed cabbage
A46: Pomegranate
A47: Potato
A48: Pumpkin
... A50: Red cabbage
A51: Rocket | B51: Arugula
A52: Savoy cabbage
A53: Spinach
A54: Strawberry
A55: Tomato
A56: Turnip
A57: Watermelon
A58: White cabbage | B58: Green cabbage
A59: Zucchini
A60: X | D60: Supermarket available?
A61: Collard greens | B61: Collards | C61: NEW
A62: Green onion | C62: NEW
A63: Okra | C63: NEW
A64: Onion | C64: NEW
A65: Sweet potato | B65: yams | C65: NEW
A66: Bok choy | C66: NEW
A67: Celeriac | B67: Celery root | C67: NEW
A68: Chard | C68: NEW
A69: Gooseberry | C69: NEW
A70: Radicchio | C70: NEW
A71: Radish | C71: NEW
A72: Boysenberry | C72: NEW
A73: Cardoons | C73: NEW
A74: Purslane | C74: NEW
A75: Quince | C75: NEW
A76: Rapini | C76: NEW
A77: Salsify | C77: NEW
A78: Shallots | C78: NEW
A79: Sugar snaps | B79: Snap pea | C79: NEW
A80: Snow peas | C80: NEW
A81: Jerusalem artichoke | B81: Sunchokes | C81: NEW
A82: Asian pears | C82: NEW
A83: Horseradish | C83: NEW
A84: Rhubarb | C84: NEW
A85: Swede | B85: Rutabaga | C85: NEW
A86: Pawpaw | C86: NEW
A87: Cantaloupe | B87: Melon | C87: NEW
A88: Guava
A89: Lychee
A90: Mango
A91: Papaya
A92: Passion fruit
A93: Star fruit

Sheet Alabama V
A1: vegetable | B1: Fork Ranger name | C1: helpcolumn | D1: January | E1: February | F1: March | G1: April | H1: May | I1: June | J1: July | K1: August | L1: September | M1: October | N1: November | O1: December
B2: Abricot | C2: =CONCATENATE(A2,B2) -> Abricot
A3: apples | B3: Apple | C3: =CONCATENATE(A3,B3) -> applesApple | J3: Starting Now | K3: Prime Time | L3: Prime Time | M3: Last Chance | P3: Alabama Seasonal Food Guide
A4: apples | B4: Apple | C4: =CONCATENATE(A4,B4) -> applesApple | L4: X | M4: X | N4: X | P4: Sweet Grown Alabama
A5: apples | B5: Apple | C5: =CONCATENATE(A5,B5) -> applesApple | J5: x | K5: x | L5: x | M5: x | P5: Farm Flavor Alabama
B6: Apple | C6: =CONCATENATE(A6,B6) -> Apple | J6: SN* | K6: PT* | L6: PT | M6: PT | N6: LC
B7: Artichoke | C7: =CONCATENATE(A7,B7) -> Artichoke
A8: asian-pears | B8: Asian pears | C8: =CONCATENATE(A8,B8) -> asian-pearsAsian pears | K8: Starting Now | L8: Prime Time | M8: Last Chance | P8: Alabama Seasonal Food Guide
B9: Asian pears | C9: =CONCATENATE(A9,B9) -> Asian pears
A10: asparagus | B10: Asparagus | C10: =CONCATENATE(A10,B10) -> asparagusAsparagus | F10: Starting Now | G10: Prime Time | H10: Prime Time | I10: Last Chance | P10: Alabama Seasonal Food Guide
B11: Asparagus | C11: =CONCATENATE(A11,B11) -> Asparagus | F11: SN- | G11: PT- | H11: PT- | I11: LC-
A12: eggplant | B12: Aubergine | C12: =CONCATENATE(A12,B12) -> eggplantAubergine | H12: Starting Now | I12: Prime Time | J12: Prime Time | K12: Prime Time | L12: Prime Time | M12: Last Chance | P12: Alabama Seasonal Food Guide
A13: eggplant | B13: Aubergine | C13: =CONCATENATE(A13,B13) -> eggplantAubergine | I13: x | J13: x | K13: x | L13: x | P13: Sweet Grown Alabama
A14: eggplant | B14: Aubergine | C14: =CONCATENATE(A14,B14) -> eggplantAubergine | H14: x | I14: x | J14: x | K14: x | L14: x | M14: x | P14: Farm Flavor Alabama
B15: Aubergine | C15: =CONCATENATE(A15,B15) -> Aubergine | H15: SN* | I15: PT | J15: PT | K15: PT | L15: PT | M15: LC*
B16: Avocado | C16: =CONCATENATE(A16,B16) -> Avocado
A17: beets | B17: Beetroot | C17: =CONCATENATE(A17,B17) -> beetsBeetroot | G17: Starting Now | H17: Prime Time | I17: Prime Time | J17: Last Chance | P17: Alabama Seasonal Food Guide
A18: beets | B18: Beetroot | C18: =CONCATENATE(A18,B18) -> beetsBeetroot | G18: x | H18: x | I18: x | J18: x | P18: Sweet Grown Alabama
A19: beets | B19: Beetroot | C19: =CONCATENATE(A19,B19) -> beetsBeetroot | G19: x | H19: x | I19: x | J19: x | P19: Farm Flavor Alabama
B20: Beetroot | C20: =CONCATENATE(A20,B20) -> Beetroot | G20: SN | H20: PT | I20: PT | J20: LC
A21: peppers | B21: Bell pepper | C21: =CONCATENATE(A21,B21) -> peppersBell pepper | I21: Starting Now | J21: Prime Time | K21: Prime Time | L21: Prime Time | M21: Last Chance | P21: Alabama Seasonal Food Guide
A22: bell pepper | B22: Bell pepper | C22: =CONCATENATE(A22,B22) -> bell pepperBell pepper | I22: x | J22: x | K22: x | L22: x | M22: x | P22: Sweet Grown Alabama
A23: Peppers | B23: Bell pepper | C23: =CONCATENATE(A23,B23) -> PeppersBell pepper | I23: x | J23: x | K23: x | L23: x | M23: x | P23: Farm Flavor Alabama
B24: Bell pepper | C24: =CONCATENATE(A24,B24) -> Bell pepper | I24: SN | J24: PT | K24: PT | L24: PT | M24: LC
A25: blackberries | B25: Blackberry | C25: =CONCATENATE(A25,B25) -> blackberriesBlackberry | I25: Starting Now | J25: Prime Time | K25: Prime Time | L25: Last Chance | P25: Alabama Seasonal Food Guide
A26: brambles | B26: Blackberry | C26: =CONCATENATE(A26,B26) -> bramblesBlackberry | I26: Starting Now | J26: Prime Time | K26: Prime Time | L26: Last Chance | P26: Alabama Seasonal Food Guide
A27: blackberries | B27: Blackberry | C27: =CONCATENATE(A27,B27) -> blackberriesBlackberry | J27: X | P27: Sweet Grown Alabama
A28: blackberries | B28: Blackberry | C28: =CONCATENATE(A28,B28) -> blackberriesBlackberry | I28: x | J28: x | K28: x | L28: x | P28: Farm Flavor Alabama
B29: Blackberry | C29: =CONCATENATE(A29,B29) -> Blackberry | I29: SN* | J29: PT | K29: PT* | L29: LC*
A30: blueberries | B30: Blueberry | C30: =CONCATENATE(A30,B30) -> blueberriesBlueberry | H30: Starting Now | I30: Prime Time | J30: Prime Time | K30: Last Chance | P30: Alabama Seasonal Food Guide
A31: blueberries | B31: Blueberry | C31: =CONCATENATE(A31,B31) -> blueberriesBlueberry | H31: X | I31: X | J31: X | P31: Sweet Grown Alabama
A32: blueberries | B32: Blueberry | C32: =CONCATENATE(A32,B32) -> blueberriesBlueberry | H32: x | I32: x | J32: x | K32: x | P32: Farm Flavor Alabama
B33: Blueberry | C33: =CONCATENATE(A33,B33) -> Blueberry | H33: SN | I33: PT | J33: PT | K33: LC*
A34: bok-choy | B34: Bok choy | C34: =CONCATENATE(A34,B34) -> bok-choyBok choy | G34: Starting Now | H34: Prime Time | I34: Prime Time | J34: Prime Time | K34: Prime Time | L34: Prime Time | M34: Last Chance | P34: Alabama Seasonal Food Guide
B35: Bok choy | C35: =CONCATENATE(A35,B35) -> Bok choy | G35: SN- | H35: PT- | I35: PT- | J35: PT- | K35: PT- | L35: PT- | M35: LC-
A36: boysenberries | B36: Boysenberry | C36: =CONCATENATE(A36,B36) -> boysenberriesBoysenberry | I36: Starting Now | J36: Prime Time | K36: Prime Time | L36: Last Chance | P36: Alabama Seasonal Food Guide
B37: Boysenberry | C37: =CONCATENATE(A37,B37) -> Boysenberry
B38: Broad beans | C38: =CONCATENATE(A38,B38) -> Broad beans
A39: broccoli | B39: Broccoli | C39: =CONCATENATE(A39,B39) -> broccoliBroccoli | H39: Starting Now | I39: Prime Time | J39: Prime Time | K39: Last Chance | P39: Alabama Seasonal Food Guide
A40: broccoli | B40: Broccoli | C40: =CONCATENATE(A40,B40) -> broccoliBroccoli | D40: x | E40: x | F40: x | N40: x | O40: x | P40: Sweet Grown Alabama
A41: broccoli | B41: Broccoli | C41: =CONCATENATE(A41,B41) -> broccoliBroccoli | H41: x | I41: x | J41: x | K41: x | P41: Farm Flavor Alabama
B42: Broccoli | C42: =CONCATENATE(A42,B42) -> Broccoli | D42: * | E42: * | F42: * | H42: SN* | I42: PT* | J42: PT* | K42: PT* | N42: * | O42: *
A43: brussels-sprouts | B43: Brussels sprouts | C43: =CONCATENATE(A43,B43) -> brussels-sproutsBrussels sprouts | M43: Starting Now | N43: Last Chance | P43: Alabama Seasonal Food Guide
B44: Brussels sprouts | C44: =CONCATENATE(A44,B44) -> Brussels sprouts | M44: SN- | N44: PT-
A45: cantaloupe | B45: Cantaloupe | C45: =CONCATENATE(A45,B45) -> cantaloupeCantaloupe | I45: Starting Now | J45: Prime Time | K45: Prime Time | L45: Last Chance | P45: Alabama Seasonal Food Guide
A46: cantaloupe | B46: Cantaloupe | C46: =CONCATENATE(A46,B46) -> cantaloupeCantaloupe | J46: x | K46: x | L46: x | P46: Sweet Grown Alabama
B47: Cantaloupe | C47: =CONCATENATE(A47,B47) -> Cantaloupe | I47: SN* | J47: PT | K47: PT | L47: LC
A48: cardoons | B48: Cardoons | C48: =CONCATENATE(A48,B48) -> cardoonsCardoons | M48: Starting Now | N48: Prime Time | O48: Last Chance | P48: Alabama Seasonal Food Guide
B49: Cardoons | C49: =CONCATENATE(A49,B49) -> Cardoons | M49: SN- | N49: PT- | O49: LC-
A50: carrots | B50: Carrot | C50: =CONCATENATE(A50,B50) -> carrotsCarrot | D50: Prime Time | E50: Prime Time | F50: Prime Time | G50: Prime Time | H50: Prime Time | I50: Prime Time | J50: Prime Time | K50: Prime Time | L50: Prime Time | M50: Prime Time | N50: Prime Time | O50: Prime Time | P50: Alabama Seasonal Food Guide
B51: Carrot | C51: =CONCATENATE(A51,B51) -> Carrot | D51: PT- | E51: PT- | F51: PT- | G51: PT- | H51: PT- | I51: PT- | J51: PT- | K51: PT- | L51: PT- | M51: PT- | N51: PT- | O51: PT-
A52: cauliflower | B52: Cauliflower | C52: =CONCATENATE(A52,B52) -> cauliflowerCauliflower | F52: Starting Now | G52: Prime Time | H52: Prime Time | I52: Prime Time | J52: Last Chance | P52: Alabama Seasonal Food Guide
A53: cauliflower | B53: Cauliflower | C53: =CONCATENATE(A53,B53) -> cauliflowerCauliflower | G53: x | H53: x | I53: x | P53: Sweet Grown Alabama
A54: cauliflower | B54: Cauliflower | C54: =CONCATENATE(A54,B54) -> cauliflowerCauliflower | F54: x | G54: x | H54: x | I54: x | J54: x | P54: Farm Flavor Alabama
B55: Cauliflower | C55: =CONCATENATE(A55,B55) -> Cauliflower | F55: SN* | G55: PT | H55: PT | I55: PT | J55: LC*
A56: celery-root | B56: Celeriac | C56: =CONCATENATE(A56,B56) -> celery-rootCeleriac | D56: Prime Time | E56: Prime Time | F56: Last Chance | N56: Starting Now | O56: Prime Time | P56: Alabama Seasonal Food Guide
B57: Celeriac | C57: =CONCATENATE(A57,B57) -> Celeriac | D57: PT- | E57: PT- | F57: LC- | N57: SN- | O57: PT-
A58: celery | B58: Celery | C58: =CONCATENATE(A58,B58) -> celeryCelery | D58: Prime Time | E58: Prime Time | F58: Last Chance | N58: Starting Now | O58: Prime Time | P58: Alabama Seasonal Food Guide
B59: Celery | C59: =CONCATENATE(A59,B59) -> Celery | D59: PT- | E59: PT- | F59: LC- | N59: SN- | O59: PT-
A60: chard | B60: Chard | C60: =CONCATENATE(A60,B60) -> chardChard | D60: Prime Time | E60: Prime Time | F60: Prime Time | G60: Prime Time | H60: Prime Time | I60: Last Chance | M60: Starting Now | N60: Prime Time | O60: Prime Time | P60: Alabama Seasonal Food Guide
B61: Chard | C61: =CONCATENATE(A61,B61) -> Chard | D61: PT- | E61: PT- | F61: PT- | G61: PT- | H61: PT- | I61: LC- | M61: SN- | N61: PT- | O61: PT-
A62: cherries | B62: Cherry | C62: =CONCATENATE(A62,B62) -> cherriesCherry | I62: Starting Now | J62: Last Chance | P62: Alabama Seasonal Food Guide
B63: Cherry | C63: =CONCATENATE(A63,B63) -> Cherry | I63: SN- | J63: PT-
A64: chicories | B64: Chicory | C64: =CONCATENATE(A64,B64) -> chicoriesChicory | D64: Prime Time | E64: Last Chance | L64: Starting Now | M64: Prime Time | N64: Prime Time | O64: Prime Time | P64: Alabama Seasonal Food Guide
B65: Chicory | C65: =CONCATENATE(A65,B65) -> Chicory | D65: PT- | E65: LC- | L65: SN- | M65: PT- | N65: PT- | O65: PT-
A66: cabbages, napa | B66: Chinese Cabbage | C66: =CONCATENATE(A66,B66) -> cabbages, napaChinese Cabbage | D66: x | N66: x | O66: x | P66: Sweet Grown Alabama
B67: Chinese Cabbage | C67: =CONCATENATE(A67,B67) -> Chinese Cabbage | D67: LC- | N67: SN- | O67: PT-
A68: collard-greens | B68: Collard greens | C68: =CONCATENATE(A68,B68) -> collard-greensCollard greens | D68: Prime Time | E68: Prime Time | F68: Prime Time | G68: Prime Time | H68: Prime Time | I68: Prime Time | J68: Prime Time | K68: Prime Time | L68: Prime Time | M68: Prime Time | N68: Prime Time | O68: Prime Time | P68: Alabama Seasonal Food Guide
A69: collard greens | B69: Collard greens | C69: =CONCATENATE(A69,B69) -> collard greensCollard greens | D69: x | E69: x | F69: x | G69: x | H69: x | I69: x | K69: x | L69: x | M69: x | N69: x | O69: x | P69: Sweet Grown Alabama
A70: greens | B70: Collard greens | C70: =CONCATENATE(A70,B70) -> greensCollard greens | D70: x | E70: x | F70: x | G70: x | H70: x | I70: x | J70: x | K70: x | L70: x | M70: x | N70: x | O70: x | P70: Farm Flavor Alabama
B71: Collard greens | C71: =CONCATENATE(A71,B71) -> Collard greens | D71: PT | E71: PT | F71: PT | G71: PT | H71: PT | I71: PT | J71: PT | K71: PT | L71: PT | M71: PT | N71: PT | O71: PT
A72: corn | B72: Corn | C72: =CONCATENATE(A72,B72) -> cornCorn | H72: Starting Now | I72: Prime Time | J72: Prime Time | K72: Prime Time | L72: Last Chance | P72: Alabama Seasonal Food Guide
A73: corn/sweet corn | B73: Corn | C73: =CONCATENATE(A73,B73) -> corn/sweet cornCorn | I73: x | J73: x | K73: x | L73: x | P73: Sweet Grown Alabama
A74: corn | B74: Corn | C74: =CONCATENATE(A74,B74) -> cornCorn | H74: x | I74: x | J74: x | K74: x | L74: x | P74: Farm Flavor Alabama
B75: Corn | C75: =CONCATENATE(A75,B75) -> Corn | H75: SN* | I75: PT | J75: PT | K75: PT | L75: LC
A76: cucumbers | B76: Cucumber | C76: =CONCATENATE(A76,B76) -> cucumbersCucumber | H76: Starting Now | I76: Prime Time | J76: Prime Time | K76: Prime Time | L76: Prime Time | M76: Prime Time | N76: Last Chance | P76: Alabama Seasonal Food Guide
A77: cucumbers | B77: Cucumber | C77: =CONCATENATE(A77,B77) -> cucumbersCucumber | H77: x | I77: x | J77: x | K77: x | L77: x | M77: x | P77: Sweet Grown Alabama
A78: cucumbers | B78: Cucumber | C78: =CONCATENATE(A78,B78) -> cucumbersCucumber | H78: x | I78: x | J78: x | K78: x | L78: x | M78: x | N78: x | P78: Farm Flavor Alabama
B79: Cucumber | C79: =CONCATENATE(A79,B79) -> Cucumber | H79: SN | I79: PT | J79: PT | K79: PT | L79: PT | M79: PT | N79: LC*
A80: endive | B80: Endive | C80: =CONCATENATE(A80,B80) -> endiveEndive | D80: Prime Time | E80: Last Chance | L80: Starting Now | M80: Prime Time | N80: Prime Time | O80: Prime Time | P80: Alabama Seasonal Food Guide
B81: Endive | C81: =CONCATENATE(A81,B81) -> Endive | D81: PT- | E81: LC- | L81: SN- | M81: PT- | N81: PT- | O81: PT-
A82: fennel | B82: Fennel | C82: =CONCATENATE(A82,B82) -> fennelFennel | D82: Prime Time | E82: Prime Time | F82: Prime Time | G82: Last Chance | M82: Starting Now | N82: Prime Time | O82: Prime Time | P82: Alabama Seasonal Food Guide
B83: Fennel | C83: =CONCATENATE(A83,B83) -> Fennel | D83: PT- | E83: PT- | F83: PT- | G83: LC- | M83: SN- | N83: PT- | O83: PT-
A84: figs | B84: Fig | C84: =CONCATENATE(A84,B84) -> figsFig | J84: Starting Now | K84: Prime Time | L84: Prime Time | M84: Last Chance | P84: Alabama Seasonal Food Guide
A85: figs | B85: Fig | C85: =CONCATENATE(A85,B85) -> figsFig | K85: x | L85: x | P85: Sweet Grown Alabama
A86: figs | B86: Fig | C86: =CONCATENATE(A86,B86) -> figsFig | J86: x | K86: x | L86: x | M86: x | P86: Farm Flavor Alabama
B87: Fig | C87: =CONCATENATE(A87,B87) -> Fig | J87: SN* | K87: PT | L87: PT | M87: LC*
A88: gooseberries | B88: Gooseberry | C88: =CONCATENATE(A88,B88) -> gooseberriesGooseberry | J88: Starting Now | K88: Last Chance | P88: Alabama Seasonal Food Guide
B89: Gooseberry | C89: =CONCATENATE(A89,B89) -> Gooseberry | J89: SN- | K89: PT-
A90: grapefruit | B90: Grapefruit | C90: =CONCATENATE(A90,B90) -> grapefruitGrapefruit | M90: Starting Now | N90: Prime Time | O90: Last Chance | P90: Alabama Seasonal Food Guide
A91: pummelo | B91: Grapefruit | C91: =CONCATENATE(A91,B91) -> pummeloGrapefruit | M91: Starting Now | N91: Prime Time | O91: Last Chance | P91: Alabama Seasonal Food Guide
B92: Grapefruit | C92: =CONCATENATE(A92,B92) -> Grapefruit | M92: SN | N92: PT | O92: LC
A93: grapes | B93: Grapes | C93: =CONCATENATE(A93,B93) -> grapesGrapes | J93: Starting Now | K93: Prime Time | L93: Prime Time | M93: Last Chance | P93: Alabama Seasonal Food Guide
A94: muscadines | B94: Grapes | C94: =CONCATENATE(A94,B94) -> muscadinesGrapes | K94: x | L94: x | M94: x | P94: Sweet Grown Alabama
A95: grapes | B95: Grapes | C95: =CONCATENATE(A95,B95) -> grapesGrapes | J95: x | K95: x | L95: x | M95: x | P95: Farm Flavor Alabama
B96: Grapes | C96: =CONCATENATE(A96,B96) -> Grapes | J96: SN* | K96: PT | L96: PT | M96: LC
A97: green-beans | B97: Green bean | C97: =CONCATENATE(A97,B97) -> green-beansGreen bean | H97: Starting Now | I97: Prime Time | J97: Prime Time | K97: Prime Time | L97: Prime Time | M97: Prime Time | N97: Last Chance | P97: Alabama Seasonal Food Guide
A98: green beans | B98: Green bean | C98: =CONCATENATE(A98,B98) -> green beansGreen bean | I98: x | J98: x | K98: x | L98: x | P98: Sweet Grown Alabama
B99: Green bean | C99: =CONCATENATE(A99,B99) -> Green bean | H99: SN* | I99: PT | J99: PT | K99: PT | L99: PT | M99: LC* | N99: *
A100: green-onions | B100: Green onion | C100: =CONCATENATE(A100,B100) -> green-onionsGreen onion | D100: Starting Now | E100: Prime Time | F100: Prime Time | G100: Prime Time | H100: Prime Time | I100: Prime Time | J100: Last Chance | P100: Alabama Seasonal Food Guide
...

Sheet Georgia V
B1: Fork Ranger name | C1: Helpcolumn | D1: January | E1: February | F1: March | G1: April | H1: May | I1: June | J1: July | K1: August | L1: September | M1: October | N1: November | O1: December
A2: Apples | B2: Apple | C2: =CONCATENATE(A2,B2) -> ApplesApple | J2: Starting Now | K2: Prime Time | L2: Prime Time | M2: Prime Time | N2: Last Chance | P2: Georgia Farm Flavor
A3: Apples | B3: Apple | C3: =CONCATENATE(A3,B3) -> ApplesApple | J3: Starting Now | K3: Prime Time | L3: Prime Time | M3: Prime Time | N3: Last Chance | P3: Georgia Harvest Calendar
B4: Apple | C4: =CONCATENATE(A4,B4) -> Apple | J4: SN | K4: PT | L4: PT | M4: PT | N4: LC
A5: apples | B5: Apple | C5: =CONCATENATE(A5,B5) -> applesApple | J5: Starting Now | K5: Prime Time | L5: Prime Time | M5: Prime Time | N5: Last Chance | P5: Seasonal Food Guide
A6: asparagus | B6: Asparagus | C6: =CONCATENATE(A6,B6) -> asparagusAsparagus | F6: Starting Now | G6: Prime Time | H6: Prime Time | I6: Last Chance | P6: Seasonal Food Guide
B7: Asparagus | C7: =CONCATENATE(A7,B7) -> Asparagus | F7: SN- | G7: PT- | H7: PT- | I7: LC-
A8: Eggplant | B8: Aubergine | C8: =CONCATENATE(A8,B8) -> EggplantAubergine | I8: Starting Now | J8: Prime Time | K8: Prime Time | L8: Prime Time | M8: Last Chance | P8: Georgia Harvest Calendar
B9: Aubergine | C9: =CONCATENATE(A9,B9) -> Aubergine | I9: SN | J9: PT | K9: PT | L9: PT | M9: LC
A10: eggplant | B10: Aubergine | C10: =CONCATENATE(A10,B10) -> eggplantAubergine | I10: Starting Now | J10: Prime Time | K10: Prime Time | L10: Prime Time | M10: Last Chance | P10: Seasonal Food Guide
A11: beets | B11: Beetroot | C11: =CONCATENATE(A11,B11) -> beetsBeetroot | G11: Starting Now | H11: Prime Time | I11: Last Chance | P11: Seasonal Food Guide
B12: Beetroot | C12: =CONCATENATE(A12,B12) -> Beetroot | G12: SN- | H12: PT- | I12: LC-
A13: Bell Peppers | B13: Bell pepper | C13: =CONCATENATE(A13,B13) -> Bell PeppersBell pepper | J13: Starting Now | K13: Prime Time | L13: Prime Time | M13: Prime Time | N13: Last Chance | P13: Georgia Harvest Calendar
B14: Bell pepper | C14: =CONCATENATE(A14,B14) -> Bell pepper | I14: SN* | J14: PT | K14: PT | L14: PT | M14: LC* | N14: *
A15: Peppers | B15: Bell pepper | C15: =CONCATENATE(A15,B15) -> PeppersBell pepper | I15: Starting Now | J15: Prime Time | K15: Prime Time | L15: Last Chance | P15: Georgia Farm Flavor
A16: Peppers | B16: Bell pepper | C16: =CONCATENATE(A16,B16) -> PeppersBell pepper | J16: Starting Now | K16: Prime Time | L16: Prime Time | M16: Last Chance | P16: Georgia Harvest Calendar
A17: peppers | B17: Bell pepper | C17: =CONCATENATE(A17,B17) -> peppersBell pepper | I17: Starting Now | J17: Prime Time | K17: Prime Time | L17: Last Chance | P17: Seasonal Food Guide
A18: Blackberries | B18: Blackberry | C18: =CONCATENATE(A18,B18) -> BlackberriesBlackberry | I18: Starting Now | J18: Last Chance | P18: Georgia Farm Flavor
A19: Blackberries | B19: Blackberry | C19: =CONCATENATE(A19,B19) -> BlackberriesBlackberry | H19: Starting Now | I19: Prime Time | J19: Last Chance | P19: Georgia Harvest Calendar
B20: Blackberry | C20: =CONCATENATE(A20,B20) -> Blackberry | H20: * | I20: SN | J20: LC
A21: blackberries | B21: Blackberry | C21: =CONCATENATE(A21,B21) -> blackberriesBlackberry | I21: Starting Now | J21: Last Chance | P21: Seasonal Food Guide
A22: brambles | B22: Blackberry | C22: =CONCATENATE(A22,B22) -> bramblesBlackberry | I22: Starting Now | J22: Last Chance | P22: Seasonal Food Guide
A23: Blueberries | B23: Blueberry | C23: =CONCATENATE(A23,B23) -> BlueberriesBlueberry | I23: Starting Now | J23: Prime Time | K23: Last Chance | P23: Georgia Farm Flavor
A24: Blueberries | B24: Blueberry | C24: =CONCATENATE(A24,B24) -> BlueberriesBlueberry | H24: Starting Now | I24: Prime Time | J24: Prime Time | K24: Last Chance | P24: Georgia Harvest Calendar
B25: Blueberry | C25: =CONCATENATE(A25,B25) -> Blueberry | H25: * | I25: SN | J25: PT | K25: LC
A26: blueberries | B26: Blueberry | C26: =CONCATENATE(A26,B26) -> blueberriesBlueberry | I26: Starting Now | J26: Prime Time | K26: Last Chance | P26: Seasonal Food Guide
A27: bok-choy | B27: Bok choy | C27: =CONCATENATE(A27,B27) -> bok-choyBok choy | D27: Prime Time | E27: Prime Time | F27: Prime Time | G27: Prime Time | H27: Prime Time | I27: Last Chance | M27: Starting Now | N27: Prime Time | O27: Prime Time | P27: Seasonal Food Guide
B28: Bok choy | C28: =CONCATENATE(A28,B28) -> Bok choy | D28: PT- | E28: PT- | F28: PT- | G28: PT- | H28: PT- | I28: LC- | M28: SN- | N28: PT- | O28: PT-
A29: boysenberries | B29: Boysenberry | C29: =CONCATENATE(A29,B29) -> boysenberriesBoysenberry | I29: Starting Now | J29: Last Chance | P29: Seasonal Food Guide
A30: Broccoli | B30: Broccoli | C30: =CONCATENATE(A30,B30) -> BroccoliBroccoli | H30: Starting Now | I30: Last Chance | M30: Starting Now | N30: Prime Time | O30: Last Chance | P30: Georgia Harvest Calendar
B31: Broccoli | C31: =CONCATENATE(A31,B31) -> Broccoli | H31: SN | I31: LC | M31: SN | N31: PT | O31: LC
A32: broccoli | B32: Broccoli | C32: =CONCATENATE(A32,B32) -> broccoliBroccoli | H32: Starting Now | I32: Last Chance | M32: Starting Now | N32: Prime Time | O32: Last Chance | P32: Seasonal Food Guide
A33: Brussels Sprouts | B33: Brussels sprouts | C33: =CONCATENATE(A33,B33) -> Brussels SproutsBrussels sprouts | D33: Prime Time | E33: Last Chance | N33: Starting Now | O33: Prime Time | P33: Georgia Harvest Calendar
B34: Brussels sprouts | C34: =CONCATENATE(A34,B34) -> Brussels sprouts | D34: PT | E34: LC | N34: SN | O34: PT
A35: brussels-sprouts | B35: Brussels sprouts | C35: =CONCATENATE(A35,B35) -> brussels-sproutsBrussels sprouts | D35: Prime Time | E35: Last Chance | N35: Starting Now | O35: Prime Time | P35: Seasonal Food Guide
A36: cardoons | B36: Cardoons | C36: =CONCATENATE(A36,B36) -> cardoonsCardoons | M36: Starting Now | N36: Prime Time | O36: Last Chance | P36: Seasonal Food Guide
A37: Carrots | B37: Carrot | C37: =CONCATENATE(A37,B37) -> CarrotsCarrot | D37: Prime Time | E37: Prime Time | F37: Prime Time | G37: Prime Time | H37: Last Chance | M37: Starting Now | N37: Prime Time | O37: Prime Time | P37: Georgia Harvest Calendar
B38: Carrot | C38: =CONCATENATE(A38,B38) -> Carrot | D38: PT | E38: PT | F38: PT | G38: PT | H38: LC | I38: * | M38: SN | N38: PT | O38: PT
A39: carrots | B39: Carrot | C39: =CONCATENATE(A39,B39) -> carrotsCarrot | D39: Prime Time | E39: Prime Time | F39: Prime Time | G39: Prime Time | H39: Prime Time | I39: Last Chance | M39: Starting Now | N39: Prime Time | O39: Prime Time | P39: Seasonal Food Guide
A40: cauliflower | B40: Cauliflower | C40: =CONCATENATE(A40,B40) -> cauliflowerCauliflower | M40: Starting Now | N40: Prime Time | O40: Last Chance | P40: Seasonal Food Guide
B41: Cauliflower | C41: =CONCATENATE(A41,B41) -> Cauliflower | M41: SN- | N41: PT- | O41: LC-
A42: celery-root | B42: Celeriac | C42: =CONCATENATE(A42,B42) -> celery-rootCeleriac | D42: Prime Time | E42: Last Chance | M42: Starting Now | N42: Prime Time | O42: Prime Time | P42: Seasonal Food Guide
B43: Celeriac | C43: =CONCATENATE(A43,B43) -> Celeriac | D43: PT- | E43: LC- | M43: SN- | N43: PT- | O43: PT-
A44: celery | B44: Celery | C44: =CONCATENATE(A44,B44) -> celeryCelery | D44: Prime Time | E44: Last Chance | M44: Starting Now | N44: Prime Time | O44: Prime Time | P44: Seasonal Food Guide
B45: Celery | C45: =CONCATENATE(A45,B45) -> Celery | D45: PT- | E45: LC- | M45: SN- | N45: PT- | O45: PT-
A46: chard | B46: Chard | C46: =CONCATENATE(A46,B46) -> chardChard | D46: Prime Time | E46: Prime Time | F46: Prime Time | G46: Last Chance | M46: Starting Now | N46: Prime Time | O46: Prime Time | P46: Seasonal Food Guide
B47: Chard | C47: =CONCATENATE(A47,B47) -> Chard | D47: PT- | E47: PT- | F47: PT- | G47: LC- | M47: SN- | N47: PT- | O47: PT-
A48: cherries | B48: Cherry | C48: =CONCATENATE(A48,B48) -> cherriesCherry | I48: Prime Time | P48: Seasonal Food Guide
B49: Cherry | C49: =CONCATENATE(A49,B49) -> Cherry | I49: PT-
A50: chicories | B50: Chicory | C50: =CONCATENATE(A50,B50) -> chicoriesChicory | D50: Prime Time | E50: Prime Time | F50: Last Chance | M50: Starting Now | N50: Prime Time | O50: Prime Time | P50: Seasonal Food Guide
B51: Chicory | C51: =CONCATENATE(A51,B51) -> Chicory | D51: PT- | E51: PT- | F51: LC- | M51: SN- | N51: PT- | O51: PT-
A52: Collard Greens | B52: Collard greens | C52: =CONCATENATE(A52,B52) -> Collard GreensCollard greens | D52: Prime Time | E52: Prime Time | F52: Prime Time | G52: Prime Time | H52: Prime Time | I52: Last Chance | M52: Starting Now | N52: Prime Time | O52: Prime Time | P52: Georgia Farm Flavor
A53: Collards | B53: Collard greens | C53: =CONCATENATE(A53,B53) -> CollardsCollard greens | D53: Prime Time | E53: Prime Time | F53: Prime Time | G53: Prime Time | H53: Prime Time | I53: Last Chance | M53: Starting Now | N53: Prime Time | O53: Prime Time | P53: Georgia Harvest Calendar
B54: Collard greens | C54: =CONCATENATE(A54,B54) -> Collard greens | D54: PT | E54: PT | F54: PT | G54: PT | H54: PT | I54: LC | M54: SN | N54: PT | O54: PT
A55: collard-greens | B55: Collard greens | C55: =CONCATENATE(A55,B55) -> collard-greensCollard greens | D55: Prime Time | E55: Prime Time | F55: Prime Time | G55: Prime Time | H55: Prime Time | I55: Last Chance | M55: Starting Now | N55: Prime Time | O55: Prime Time | P55: Seasonal Food Guide
A56: Corn | B56: Corn | C56: =CONCATENATE(A56,B56) -> CornCorn | I56: Starting Now | J56: Last Chance | P56: Georgia Harvest Calendar
B57: Corn | C57: =CONCATENATE(A57,B57) -> Corn | I57: SN | J57: PT | K57: LC*
A58: Sweet Corn | B58: Corn | C58: =CONCATENATE(A58,B58) -> Sweet CornCorn | I58: Starting Now | J58: Prime Time | K58: Last Chance | P58: Georgia Farm Flavor
A59: corn | B59: Corn | C59: =CONCATENATE(A59,B59) -> cornCorn | I59: Starting Now | J59: Prime Time | K59: Last Chance | P59: Seasonal Food Guide
A60: Cucumbers | B60: Cucumber | C60: =CONCATENATE(A60,B60) -> CucumbersCucumber | I60: Starting Now | J60: Prime Time | K60: Last Chance | P60: Georgia Farm Flavor
A61: Cucumbers | B61: Cucumber | C61: =CONCATENATE(A61,B61) -> CucumbersCucumber | I61: Starting Now | J61: Prime Time | K61: Prime Time | L61: Extended Season | M61: Extended Season | N61: Extended Season | P61: Georgia Harvest Calendar
B62: Cucumber | C62: =CONCATENATE(A62,B62) -> Cucumber | I62: SN | J62: PT | K62: LC | L62: * | M62: * | N62: *
A63: cucumbers | B63: Cucumber | C63: =CONCATENATE(A63,B63) -> cucumbersCucumber | I63: Starting Now | J63: Prime Time | K63: Last Chance | P63: Seasonal Food Guide
A64: endive | B64: Endive | C64: =CONCATENATE(A64,B64) -> endiveEndive | D64: Prime Time | E64: Prime Time | F64: Last Chance | M64: Starting Now | N64: Prime Time | O64: Prime Time | P64: Seasonal Food Guide
B65: Endive | C65: =CONCATENATE(A65,B65) -> Endive | D65: PT- | E65: PT- | F65: LC- | M65: SN- | N65: PT- | O65: PT-
A66: figs | B66: Fig | C66: =CONCATENATE(A66,B66) -> figsFig | J66: Starting Now | K66: Last Chance | P66: Seasonal Food Guide
B67: Fig | C67: =CONCATENATE(A67,B67) -> Fig | J67: SN- | K67: LC-
A68: gooseberries | B68: Gooseberry | C68: =CONCATENATE(A68,B68) -> gooseberriesGooseberry | J68: Starting Now | K68: Last Chance | P68: Seasonal Food Guide
B69: Gooseberry | C69: =CONCATENATE(A69,B69) -> Gooseberry | J69: SN- | K69: LC-
A70: Grapes | B70: Grapes | C70: =CONCATENATE(A70,B70) -> GrapesGrapes | J70: Starting Now | K70: Prime Time | L70: Prime Time | M70: Last Chance | P70: Georgia Harvest Calendar
B71: Grapes | C71: =CONCATENATE(A71,B71) -> Grapes | J71: SN | K71: PT | L71: PT | M71: LC
A72: Muscadines | B72: Grapes | C72: =CONCATENATE(A72,B72) -> MuscadinesGrapes | J72: Starting Now | K72: Prime Time | L72: Prime Time | M72: Last Chance | P72: Georgia Farm Flavor
A73: grapes | B73: Grapes | C73: =CONCATENATE(A73,B73) -> grapesGrapes | J73: Starting Now | K73: Prime Time | L73: Prime Time | M73: Last Chance | P73: Seasonal Food Guide
A74: Beans | B74: Green bean | C74: =CONCATENATE(A74,B74) -> BeansGreen bean | H74: Starting Now | I74: Prime Time | J74: Prime Time | K74: Prime Time | L74: Prime Time | M74: Prime Time | N74: Last Chance | P74: Georgia Harvest Calendar
B75: Green bean | C75: =CONCATENATE(A75,B75) -> Green bean | H75: SN | I75: PT | J75: PT | K75: PT | L75: PT | M75: PT | N75: LC
A76: Pole and Snap Beans | B76: Green bean | C76: =CONCATENATE(A76,B76) -> Pole and Snap BeansGreen bean | H76: Starting Now | I76: Prime Time | J76: Prime Time | K76: Prime Time | L76: Prime Time | M76: Prime Time | N76: Last Chance | P76: Georgia Farm Flavor
A77: green-beans | B77: Green bean | C77: =CONCATENATE(A77,B77) -> green-beansGreen bean | H77: Starting Now | I77: Prime Time | J77: Prime Time | K77: Prime Time | L77: Prime Time | M77: Prime Time | N77: Last Chance | P77: Seasonal Food Guide
A78: Green Onions | B78: Green onion | C78: =CONCATENATE(A78,B78) -> Green OnionsGreen onion | D78: Starting Now | E78: Prime Time | F78: Prime Time | G78: Prime Time | H78: Prime Time | I78: Last Chance | P78: Georgia Farm Flavor
B79: Green onion | C79: =CONCATENATE(A79,B79) -> Green onion | D79: SN | E79: PT | F79: PT | G79: PT | H79: LC* | I79: *
A80: green-onions | B80: Green onion | C80: =CONCATENATE(A80,B80) -> green-onionsGreen onion | D80: Starting Now | E80: Prime Time | F80: Prime Time | G80: Prime Time | H80: Last Chance | P80: Seasonal Food Guide
A81: sunchokes | B81: Jerusalem artichoke | C81: =CONCATENATE(A81,B81) -> sunchokesJerusalem artichoke | D81: Starting Now | E81: Last Chance | H81: Starting Now | I81: Prime Time | J81: Last Chance | P81: Seasonal Food Guide
B82: Jerusalem artichoke | C82: =CONCATENATE(A82,B82) -> Jerusalem artichoke | D82: SN- | E82: LC- | H82: SN- | I82: PT- | J82: LC-
A83: Kale | B83: Kale | C83: =CONCATENATE(A83,B83) -> KaleKale | D83: Extended Season | E83: Extended Season | F83: Prime Time | G83: Prime Time | H83: Last Chance | M83: Starting Now | N83: Prime Time | O83: Prime Time | P83: Georgia Harvest Calendar
B84: Kale | C84: =CONCATENATE(A84,B84) -> Kale | D84: PT | E84: PT | F84: PT | G84: PT | H84: LC | M84: SN | N84: PT | O84: PT
A85: kale | B85: Kale | C85: =CONCATENATE(A85,B85) -> kaleKale | D85: Prime Time | E85: Prime Time | F85: Prime Time | G85: Prime Time | H85: Last Chance | M85: Starting Now | N85: Prime Time | O85: Prime Time | P85: Seasonal Food Guide
A86: kohlrabi | B86: Kohlrabi | C86: =CONCATENATE(A86,B86) -> kohlrabiKohlrabi | D86: Prime Time | P86: Seasonal Food Guide
B87: Kohlrabi | C87: =CONCATENATE(A87,B87) -> Kohlrabi | D87: PT-
A88: leeks | B88: Leek | C88: =CONCATENATE(A88,B88) -> leeksLeek | D88: Prime Time | E88: Prime Time | F88: Prime Time | G88: Prime Time | H88: Last Chance | M88: Starting Now | N88: Prime Time | O88: Prime Time | P88: Seasonal Food Guide
A89: Lettuce | B89: Lettuce | C89: =CONCATENATE(A89,B89) -> LettuceLettuce | D89: Extended Season | E89: Extended Season | F89: Prime Time | G89: Prime Time | H89: Prime Time | I89: Last Chance | L89: Starting Now | M89: Prime Time | N89: Prime Time | O89: Prime Time | P89: Georgia Harvest Calendar
B90: Lettuce | C90: =CONCATENATE(A90,B90) -> Lettuce | D90: PT | E90: PT | F90: PT | G90: PT | H90: PT | I90: LC | L90: SN | M90: PT | N90: PT | O90: PT
A91: lettuce | B91: Lettuce | C91: =CONCATENATE(A91,B91) -> lettuceLettuce | D91: Prime Time | E91: Prime Time | F91: Prime Time | G91: Prime Time | H91: Prime Time | I91: Last Chance | L91: Starting Now | M91: Prime Time | N91: Prime Time | O91: Prime Time | P91: Seasonal Food Guide
A92: loquats | B92: Loquat | C92: =CONCATENATE(A92,B92) -> loquatsLoquat | F92: Starting Now | G92: Last Chance | P92: Seasonal Food Guide
B93: Loquat | C93: =CONCATENATE(A93,B93) -> Loquat | F93: SN- | G93: LC-
A94: Cantaloupe | B94: Cantaloupe | C94: =CONCATENATE(A94,B94) -> CantaloupeCantaloupe | I94: Starting Now | J94: Prime Time | K94: Last Chance | P94: Georgia Farm Flavor
B95: Cantaloupe | C95: =CONCATENATE(A95,B95) -> Cantaloupe | I95: SN | J95: PT | K95: LC
A96: Cantaloupes | B96: Cantaloupe | C96: =CONCATENATE(A96,B96) -> CantaloupesCantaloupe | I96: Starting Now | J96: Prime Time | K96: Last Chance | P96: Georgia Harvest Calendar
A97: cantaloupe | B97: Cantaloupe | C97: =CONCATENATE(A97,B97) -> cantaloupeCantaloupe | I97: Starting Now | J97: Prime Time | K97: Last Chance | P97: Seasonal Food Guide
A98: melons | B98: Melon | C98: =CONCATENATE(A98,B98) -> melonsMelon | H98: Starting Now | I98: Prime Time | J98: Prime Time | K98: Prime Time | L98: Prime Time | M98: Last Chance | P98: Seasonal Food Guide
B99: Melon | C99: =CONCATENATE(A99,B99) -> Melon | H99: SN- | I99: PT- | J99: PT- | K99: PT- | L99: PT- | M99: LC-
A100: nectarines | B100: Nectarine | C100: =CONCATENATE(A100,B100) -> nectarinesNectarine | H100: Starting Now | I100: Prime Time | J100: Prime Time | K100: Last Chance | P100: Seasonal Food Guide
...

Sheet Mississippi V
B1: Fork Ranger name | C1: helpcolumn | D1: January | E1: February | F1: March | G1: April | H1: May | I1: June | J1: July | K1: August | L1: September | M1: October | N1: November | O1: December
A2: Apples | B2: Apple | C2: =CONCATENATE(A2,B2) -> ApplesApple | H2: Starting Now | I2: Prime Time | J2: Last Chance | P2: Mississippi State University Extension Service
A3: apples | B3: Apple | C3: =CONCATENATE(A3,B3) -> applesApple | H3: Starting Now | I3: Prime Time | J3: Last Chance | P3: Seasonal Food Guide
B4: Apple | C4: =CONCATENATE(A4,B4) -> Apple | H4: SN | I4: PT | J4: LC
A5: asian-pears | B5: Asian pears | C5: =CONCATENATE(A5,B5) -> asian-pearsAsian pears | J5: Starting Now | K5: Prime Time | L5: Prime Time | M5: Last Chance | P5: Seasonal Food Guide
B6: Asian pears | C6: =CONCATENATE(A6,B6) -> Asian pears | J6: SN- | K6: PT- | L6: PT- | M6: LC-
A7: asparagus | B7: Asparagus | C7: =CONCATENATE(A7,B7) -> asparagusAsparagus | F7: Starting Now | G7: Prime Time | H7: Prime Time | I7: Last Chance | P7: Seasonal Food Guide
B8: Asparagus | C8: =CONCATENATE(A8,B8) -> Asparagus | F8: SN- | G8: PT- | H8: PT- | I8: LC-
A9: Eggplants | B9: Aubergine | C9: =CONCATENATE(A9,B9) -> EggplantsAubergine | I9: Starting Now | J9: Last Chance | P9: Mississippi State University Extension Service
A10: eggplant | B10: Aubergine | C10: =CONCATENATE(A10,B10) -> eggplantAubergine | I10: Starting Now | J10: Last Chance | P10: Seasonal Food Guide
B11: Aubergine | C11: =CONCATENATE(A11,B11) -> Aubergine | I11: SN | J11: PT
A12: beets | B12: Beetroot | C12: =CONCATENATE(A12,B12) -> beetsBeetroot | G12: Starting Now | H12: Prime Time | I12: Prime Time | J12: Last Chance | P12: Seasonal Food Guide
B13: Beetroot | C13: =CONCATENATE(A13,B13) -> Beetroot | G13: SN- | H13: PT- | I13: PT- | J13: LC-
A14: Bell Peppers | B14: Bell pepper | C14: =CONCATENATE(A14,B14) -> Bell PeppersBell pepper | I14: Starting Now | J14: Prime Time | K14: Last Chance | P14: Mississippi State University Extension Service
A15: peppers | B15: Bell pepper | C15: =CONCATENATE(A15,B15) -> peppersBell pepper | I15: Starting Now | J15: Prime Time | K15: Last Chance | P15: Seasonal Food Guide
B16: Bell pepper | C16: =CONCATENATE(A16,B16) -> Bell pepper | I16: SN | J16: PT | K16: LC
A17: blackberries | B17: Blackberry | C17: =CONCATENATE(A17,B17) -> blackberriesBlackberry | I17: Starting Now | J17: Prime Time | K17: Prime Time | L17: Last Chance | P17: Seasonal Food Guide
A18: brambles | B18: Blackberry | C18: =CONCATENATE(A18,B18) -> bramblesBlackberry | I18: Starting Now | J18: Prime Time | K18: Prime Time | L18: Last Chance | P18: Seasonal Food Guide
B19: Blackberry | C19: =CONCATENATE(A19,B19) -> Blackberry | I19: SN | J19: PT | K19: PT | L19: LC
A20: Blueberries | B20: Blueberry | C20: =CONCATENATE(A20,B20) -> BlueberriesBlueberry | H20: Starting Now | I20: Prime Time | J20: Last Chance | P20: Mississippi State University Extension Service
A21: blueberries | B21: Blueberry | C21: =CONCATENATE(A21,B21) -> blueberriesBlueberry | H21: Starting Now | I21: Prime Time | J21: Last Chance | P21: Seasonal Food Guide
B22: Blueberry | C22: =CONCATENATE(A22,B22) -> Blueberry | H22: SN | I22: PT | J22: LC
A23: bok-choy | B23: Bok choy | C23: =CONCATENATE(A23,B23) -> bok-choyBok choy | M23: Prime Time | P23: Seasonal Food Guide
B24: Bok choy | C24: =CONCATENATE(A24,B24) -> Bok choy | M24: PT-
A25: Broccoli | B25: Broccoli | C25: =CONCATENATE(A25,B25) -> BroccoliBroccoli | G25: Starting Now | H25: Prime Time | I25: Last Chance | M25: Starting Now | N25: Prime Time | O25: Last Chance | P25: Mississippi State University Extension Service
A26: broccoli | B26: Broccoli | C26: =CONCATENATE(A26,B26) -> broccoliBroccoli | G26: Starting Now | H26: Last Chance | M26: Starting Now | N26: Prime Time | O26: Last Chance | P26: Seasonal Food Guide
B27: Broccoli | C27: =CONCATENATE(A27,B27) -> Broccoli | G27: SN | H27: PT | I27: LC* | M27: SN | N27: PT | O27: LC
A28: brussels-sprouts | B28: Brussels sprouts | C28: =CONCATENATE(A28,B28) -> brussels-sproutsBrussels sprouts | M28: Starting Now | N28: Prime Time | O28: Last Chance | P28: Seasonal Food Guide
B29: Brussels sprouts | C29: =CONCATENATE(A29,B29) -> Brussels sprouts | M29: SN- | N29: PT- | O29: LC-
A30: cardoons | B30: Cardoons | C30: =CONCATENATE(A30,B30) -> cardoonsCardoons | M30: Starting Now | N30: Prime Time | O30: Last Chance | P30: Seasonal Food Guide
B31: Cardoons | C31: =CONCATENATE(A31,B31) -> Cardoons | M31: SN- | N31: PT- | O31: LC-
A32: carrots | B32: Carrot | C32: =CONCATENATE(A32,B32) -> carrotsCarrot | D32: Prime Time | E32: Prime Time | F32: Prime Time | G32: Prime Time | H32: Prime Time | I32: Prime Time | J32: Prime Time | K32: Prime Time | L32: Prime Time | M32: Prime Time | N32: Prime Time | O32: Prime Time | P32: Seasonal Food Guide
B33: Carrot | C33: =CONCATENATE(A33,B33) -> Carrot | D33: PT- | E33: PT- | F33: PT- | G33: PT- | H33: PT- | I33: PT- | J33: PT- | K33: PT- | L33: PT- | M33: PT- | N33: PT- | O33: PT-
A34: Cauliflower | B34: Cauliflower | C34: =CONCATENATE(A34,B34) -> CauliflowerCauliflower | G34: Starting Now | H34: Prime Time | I34: Last Chance | M34: Starting Now | N34: Prime Time | O34: Last Chance | P34: Mississippi State University Extension Service
A35: cauliflower | B35: Cauliflower | C35: =CONCATENATE(A35,B35) -> cauliflowerCauliflower | G35: Starting Now | H35: Last Chance | M35: Starting Now | N35: Prime Time | O35: Last Chance | P35: Seasonal Food Guide
B36: Cauliflower | C36: =CONCATENATE(A36,B36) -> Cauliflower | G36: SN | H36: PT | I36: LC* | M36: SN | N36: PT | O36: LC
A37: celery-root | B37: Celeriac | C37: =CONCATENATE(A37,B37) -> celery-rootCeleriac | D37: Prime Time | E37: Prime Time | F37: Prime Time | G37: Last Chance | N37: Starting Now | O37: Prime Time | P37: Seasonal Food Guide
B38: Celeriac | C38: =CONCATENATE(A38,B38) -> Celeriac | D38: PT- | E38: PT- | F38: PT- | G38: LC- | N38: SN- | O38: PT-
A39: celery | B39: Celery | C39: =CONCATENATE(A39,B39) -> celeryCelery | D39: Prime Time | E39: Prime Time | F39: Prime Time | G39: Last Chance | N39: Starting Now | O39: Prime Time | P39: Seasonal Food Guide
B40: Celery | C40: =CONCATENATE(A40,B40) -> Celery | D40: PT- | E40: PT- | F40: PT- | G40: LC- | N40: SN- | O40: PT-
A41: chard | B41: Chard | C41: =CONCATENATE(A41,B41) -> chardChard | F41: Starting Now | G41: Prime Time | H41: Prime Time | I41: Last Chance | M41: Starting Now | N41: Prime Time | O41: Last Chance | P41: Seasonal Food Guide
B42: Chard | C42: =CONCATENATE(A42,B42) -> Chard | F42: SN- | G42: PT- | H42: PT- | I42: LC- | M42: SN- | N42: PT- | O42: LC-
A43: cherries | B43: Cherry | C43: =CONCATENATE(A43,B43) -> cherriesCherry | I43: Starting Now | J43: Last Chance | P43: Seasonal Food Guide
B44: Cherry | C44: =CONCATENATE(A44,B44) -> Cherry | I44: SN- | J44: LC-
A45: chicories | B45: Chicory | C45: =CONCATENATE(A45,B45) -> chicoriesChicory | D45: Prime Time | E45: Last Chance | L45: Starting Now | M45: Prime Time | N45: Prime Time | O45: Prime Time | P45: Seasonal Food Guide
B46: Chicory | C46: =CONCATENATE(A46,B46) -> Chicory | D46: PT- | E46: LC- | L46: SN- | M46: PT- | N46: PT- | O46: PT-
A47: Collard Greens | B47: Collard greens | C47: =CONCATENATE(A47,B47) -> Collard GreensCollard greens | F47: Starting Now | G47: Prime Time | H47: Prime Time | I47: Last Chance | M47: Starting Now | N47: Prime Time | O47: Last Chance | P47: Mississippi State University Extension Service
A48: collard-greens | B48: Collard greens | C48: =CONCATENATE(A48,B48) -> collard-greensCollard greens | F48: Starting Now | G48: Prime Time | H48: Prime Time | I48: Last Chance | M48: Starting Now | N48: Prime Time | O48: Last Chance | P48: Seasonal Food Guide
B49: Collard greens | C49: =CONCATENATE(A49,B49) -> Collard greens | F49: SN | G49: PT | H49: PT | I49: LC | M49: SN | N49: PT | O49: LC
A50: Corn | B50: Corn | C50: =CONCATENATE(A50,B50) -> CornCorn | H50: Starting Now | I50: Last Chance | P50: Mississippi State University Extension Service
A51: corn | B51: Corn | C51: =CONCATENATE(A51,B51) -> cornCorn | H51: Starting Now | I51: Last Chance | P51: Seasonal Food Guide
B52: Corn | C52: =CONCATENATE(A52,B52) -> Corn | H52: SN | I52: LC
A53: Cucumbers | B53: Cucumber | C53: =CONCATENATE(A53,B53) -> CucumbersCucumber | H53: Starting Now | I53: Prime Time | J53: Last Chance | P53: Mississippi State University Extension Service
A54: cucumbers | B54: Cucumber | C54: =CONCATENATE(A54,B54) -> cucumbersCucumber | H54: Starting Now | I54: Prime Time | J54: Last Chance | P54: Seasonal Food Guide
B55: Cucumber | C55: =CONCATENATE(A55,B55) -> Cucumber | H55: SN | I55: PT | J55: LC
A56: endive | B56: Endive | C56: =CONCATENATE(A56,B56) -> endiveEndive | D56: Prime Time | E56: Last Chance | L56: Starting Now | M56: Prime Time | N56: Prime Time | O56: Prime Time | P56: Seasonal Food Guide
B57: Endive | C57: =CONCATENATE(A57,B57) -> Endive | D57: PT- | E57: LC- | L57: SN- | M57: PT- | N57: PT- | O57: PT-
A58: fennel | B58: Fennel | C58: =CONCATENATE(A58,B58) -> fennelFennel | D58: Prime Time | E58: Prime Time | F58: Prime Time | G58: Last Chance | M58: Starting Now | N58: Prime Time | O58: Prime Time | P58: Seasonal Food Guide
B59: Fennel | C59: =CONCATENATE(A59,B59) -> Fennel | D59: PT- | E59: PT- | F59: PT- | G59: LC- | M59: SN- | N59: PT- | O59: PT-
A60: figs | B60: Fig | C60: =CONCATENATE(A60,B60) -> figsFig | J60: Starting Now | K60: Prime Time | L60: Prime Time | M60: Last Chance | P60: Seasonal Food Guide
B61: Fig | C61: =CONCATENATE(A61,B61) -> Fig | J61: SN- | K61: PT- | L61: PT- | M61: LC-
A62: gooseberries | B62: Gooseberry | C62: =CONCATENATE(A62,B62) -> gooseberriesGooseberry | J62: Starting Now | K62: Last Chance | P62: Seasonal Food Guide
B63: Gooseberry | C63: =CONCATENATE(A63,B63) -> Gooseberry | J63: SN- | K63: LC-
A64: pummelo | B64: Grapefruit | C64: =CONCATENATE(A64,B64) -> pummeloGrapefruit | M64: Starting Now | N64: Prime Time | O64: Last Chance | P64: Seasonal Food Guide
B65: Grapefruit | C65: =CONCATENATE(A65,B65) -> Grapefruit | M65: SN- | N65: PT- | O65: LC-
A66: Muscadines | B66: Grapes | C66: =CONCATENATE(A66,B66) -> MuscadinesGrapes | L66: Starting Now | M66: Last Chance | P66: Mississippi State University Extension Service
A67: grapes | B67: Grapes | C67: =CONCATENATE(A67,B67) -> grapesGrapes | I67: Starting Now | J67: Prime Time | K67: Prime Time | L67: Prime Time | M67: Last Chance | P67: Seasonal Food Guide
B68: Grapes | C68: =CONCATENATE(A68,B68) -> Grapes | I68: ? | J68: ? | K68: ? | L68: ? | M68: ?
A69: Green Beans | B69: Green bean | C69: =CONCATENATE(A69,B69) -> Green BeansGreen bean | G69: Starting Now | H69: Prime Time | I69: Last Chance | L69: Starting Now | M69: Last Chance | P69: Mississippi State University Extension Service
A70: Pole Beans | B70: Green bean | C70: =CONCATENATE(A70,B70) -> Pole BeansGreen bean | G70: Starting Now | H70: Prime Time | I70: Last Chance | L70: Starting Now | M70: Last Chance | P70: Mississippi State University Extension Service
A71: green-beans | B71: Green bean | C71: =CONCATENATE(A71,B71) -> green-beansGreen bean | G71: Starting Now | H71: Prime Time | I71: Last Chance | L71: Starting Now | M71: Last Chance | P71: Seasonal Food Guide
B72: Green bean | C72: =CONCATENATE(A72,B72) -> Green bean | G72: SN | H72: PT | I72: LC | L72: SN | M72: LC
A73: green-onions | B73: Green onion | C73: =CONCATENATE(A73,B73) -> green-onionsGreen onion | D73: Starting Now | E73: Prime Time | F73: Prime Time | G73: Prime Time | H73: Prime Time | I73: Last Chance | P73: Seasonal Food Guide
B74: Green onion | C74: =CONCATENATE(A74,B74) -> Green onion | D74: SN- | E74: PT- | F74: PT- | G74: PT- | H74: PT- | I74: LC-
A75: horseradish | B75: Horseradish | C75: =CONCATENATE(A75,B75) -> horseradishHorseradish | D75: Prime Time | E75: Prime Time | F75: Prime Time | G75: Last Chance | M75: Starting Now | N75: Prime Time | O75: Prime Time | P75: Seasonal Food Guide
B76: Horseradish | C76: =CONCATENATE(A76,B76) -> Horseradish | D76: PT- | E76: PT- | F76: PT- | G76: LC- | M76: SN- | N76: PT- | O76: PT-
A77: sunchokes | B77: Jerusalem artichoke | C77: =CONCATENATE(A77,B77) -> sunchokesJerusalem artichoke | D77: Starting Now | E77: Last Chance | I77: Starting Now | J77: Last Chance | P77: Seasonal Food Guide
B78: Jerusalem artichoke | C78: =CONCATENATE(A78,B78) -> Jerusalem artichoke | D78: SN- | E78: LC- | I78: SN- | J78: LC-
A79: Kale | B79: Kale | C79: =CONCATENATE(A79,B79) -> KaleKale | F79: Starting Now | G79: Prime Time | H79: Prime Time | I79: Last Chance | P79: Mississippi State University Extension Service
A80: kale | B80: Kale | C80: =CONCATENATE(A80,B80) -> kaleKale | F80: Starting Now | G80: Prime Time | H80: Prime Time | I80: Last Chance | P80: Seasonal Food Guide
B81: Kale | C81: =CONCATENATE(A81,B81) -> Kale | F81: SN | G81: PT | H81: PT | I81: LC
A82: Kholrabi | B82: Kohlrabi | C82: =CONCATENATE(A82,B82) -> KholrabiKohlrabi | G82: Starting Now | H82: Prime Time | I82: Last Chance | P82: Mississippi State University Extension Service
A83: kohlrabi | B83: Kohlrabi | C83: =CONCATENATE(A83,B83) -> kohlrabiKohlrabi | G83: Starting Now | H83: Prime Time | I83: Last Chance | P83: Seasonal Food Guide
B84: Kohlrabi | C84: =CONCATENATE(A84,B84) -> Kohlrabi | G84: SN | H84: PT | I84: LC
A85: leeks | B85: Leek | C85: =CONCATENATE(A85,B85) -> leeksLeek | G85: Starting Now | H85: Prime Time | I85: Prime Time | J85: Prime Time | K85: Last Chance | P85: Seasonal Food Guide
B86: Leek | C86: =CONCATENATE(A86,B86) -> Leek | G86: SN- | H86: PT- | I86: PT- | J86: PT- | K86: LC-
A87: lettuce | B87: Lettuce | C87: =CONCATENATE(A87,B87) -> lettuceLettuce | F87: Starting Now | G87: Prime Time | H87: Prime Time | I87: Prime Time | J87: Last Chance | M87: Starting Now | N87: Prime Time | O87: Last Chance | P87: Seasonal Food Guide
B88: Lettuce | C88: =CONCATENATE(A88,B88) -> Lettuce | F88: SN- | G88: PT- | H88: PT- | I88: PT- | J88: LC- | M88: SN- | N88: PT- | O88: LC-
A89: loquats | B89: Loquat | C89: =CONCATENATE(A89,B89) -> loquatsLoquat | F89: Starting Now | G89: Last Chance | P89: Seasonal Food Guide
B90: Loquat | C90: =CONCATENATE(A90,B90) -> Loquat | F90: SN- | G90: LC-
A91: clementines | B91: Mandarine | C91: =CONCATENATE(A91,B91) -> clementinesMandarine | O91: Prime Time | P91: Seasonal Food Guide
A92: mandarins | B92: Mandarine | C92: =CONCATENATE(A92,B92) -> mandarinsMandarine | N92: Starting Now | O92: Last Chance | P92: Seasonal Food Guide
A93: tangerines | B93: Mandarine | C93: =CONCATENATE(A93,B93) -> tangerinesMandarine | O93: Prime Time | P93: Seasonal Food Guide
B94: Mandarine | C94: =CONCATENATE(A94,B94) -> Mandarine | N94: SN* | O94: LC
A95: Cantaloupes | B95: Cantaloupe | C95: =CONCATENATE(A95,B95) -> CantaloupesCantaloupe | I95: Starting Now | J95: Prime Time | K95: Last Chance | P95: Mississippi State University Extension Service
A96: cantaloupe | B96: Cantaloupe | C96: =CONCATENATE(A96,B96) -> cantaloupeCantaloupe | I96: Starting Now | J96: Prime Time | K96: Last Chance | P96: Seasonal Food Guide
A97: melons | B97: Melon | C97: =CONCATENATE(A97,B97) -> melonsMelon | I97: Starting Now | J97: Prime Time | K97: Prime Time | L97: Last Chance | P97: Seasonal Food Guide
B98: Cantaloupe | C98: =CONCATENATE(A98,B98) -> Cantaloupe | I98: SN | J98: PT | K98: LC
A99: nectarines | B99: Nectarine | C99: =CONCATENATE(A99,B99) -> nectarinesNectarine | H99: Starting Now | I99: Prime Time | J99: Prime Time | K99: Last Chance | P99: Seasonal Food Guide
B100: Nectarine | C100: =CONCATENATE(A100,B100) -> Nectarine | H100: SN- | I100: PT- | J100: PT- | K100: LC-
...

Sheet North Carolina V
A1: vegetable | B1: Fork Ranger name | D1: January | E1: February | F1: March | G1: April | H1: May | I1: June | J1: July | K1: August | L1: September | M1: October | N1: November | O1: December
A2: apples | B2: Apple | C2: =CONCATENATE(A2,B2) -> applesApple | D2: Prime Time | E2: Last Chance | K2: Starting Now | L2: Prime Time | M2: Prime Time | N2: Prime Time | O2: Prime Time | P2: Seasonal Food Guide
A3: Apples | B3: Apple | C3: =CONCATENATE(A3,B3) -> ApplesApple | D3: Prime Time | E3: Last Chance | K3: Starting Now | L3: Prime Time | M3: Prime Time | N3: Prime Time | O3: Prime Time | P3: North Carolina State Source https://www.ncagr.gov/marketing/produce-availability-chart/open
B4: Apple | C4: =CONCATENATE(A4,B4) -> Apple | D4: PT | E4: LC | K4: SN | L4: PT | M4: PT | N4: PT | O4: PT
A5: asparagus | B5: Asparagus | C5: =CONCATENATE(A5,B5) -> asparagusAsparagus | F5: Starting Now | G5: Last Chance | P5: Seasonal Food Guide
A6: Asparagus | B6: Asparagus | C6: =CONCATENATE(A6,B6) -> AsparagusAsparagus | F6: Starting Now | G6: Last Chance | P6: North Carolina State Source https://www.ncagr.gov/marketing/produce-availability-chart/open
B7: Asparagus | C7: =CONCATENATE(A7,B7) -> Asparagus | F7: SN | G7: LC
A8: eggplant | B8: Aubergine | C8: =CONCATENATE(A8,B8) -> eggplantAubergine | I8: Starting Now | J8: Prime Time | K8: Last Chance | P8: Seasonal Food Guide
A9: Eggplant | B9: Aubergine | C9: =CONCATENATE(A9,B9) -> EggplantAubergine | I9: Starting Now | J9: Prime Time | K9: Last Chance | P9: North Carolina State Source https://www.ncagr.gov/marketing/produce-availability-chart/open
B10: Aubergine | C10: =CONCATENATE(A10,B10) -> Aubergine | I10: SN | J10: PT | K10: LC
A11: beets | B11: Beetroot | C11: =CONCATENATE(A11,B11) -> beetsBeetroot | H11: Starting Now | I11: Last Chance | M11: Starting Now | N11: Prime Time | O11: Last Chance | P11: Seasonal Food Guide
A12: Beets | B12: Beetroot | C12: =CONCATENATE(A12,B12) -> BeetsBeetroot | H12: Starting Now | I12: Last Chance | M12: Starting Now | N12: Prime Time | O12: Last Chance | P12: North Carolina State Source https://www.ncagr.gov/marketing/produce-availability-chart/open
B13: Beetroot | C13: =CONCATENATE(A13,B13) -> Beetroot | H13: SN | I13: LC | M13: SN | N13: PT | O13: LC
A14: peppers | B14: Bell pepper | C14: =CONCATENATE(A14,B14) -> peppersBell pepper | I14: Starting Now | J14: Prime Time | K14: Last Chance | P14: Seasonal Food Guide
A15: Peppers | B15: Bell pepper | C15: =CONCATENATE(A15,B15) -> PeppersBell pepper | I15: Starting Now | J15: Prime Time | K15: Last Chance | P15: North Carolina State Source https://www.ncagr.gov/marketing/produce-availability-chart/open
B16: Bell pepper | C16: =CONCATENATE(A16,B16) -> Bell pepper | I16: SN | J16: PT | K16: LC
A17: blackberries | B17: Blackberry | C17: =CONCATENATE(A17,B17) -> blackberriesBlackberry | I17: Starting Now | J17: Last Chance | L17: Prime Time | P17: Seasonal Food Guide
A18: brambles | B18: Blackberry | C18: =CONCATENATE(A18,B18) -> bramblesBlackberry | I18: Starting Now | J18: Last Chance | L18: Prime Time | P18: Seasonal Food Guide
A19: Blackberries | B19: Blackberry | C19: =CONCATENATE(A19,B19) -> BlackberriesBlackberry | I19: Starting Now | J19: Last Chance | L19: Prime Time | P19: North Carolina State Source https://www.ncagr.gov/marketing/produce-availability-chart/open
B20: Blackberry | C20: =CONCATENATE(A20,B20) -> Blackberry | I20: SN | J20: LC | K20: ? | L20: PT
A21: blueberries | B21: Blueberry | C21: =CONCATENATE(A21,B21) -> blueberriesBlueberry | H21: Starting Now | I21: Prime Time | J21: Last Chance | P21: Seasonal Food Guide
A22: Blueberries | B22: Blueberry | C22: =CONCATENATE(A22,B22) -> BlueberriesBlueberry | H22: Starting Now | I22: Prime Time | J22: Last Chance | P22: North Carolina State Source https://www.ncagr.gov/marketing/produce-availability-chart/open
B23: Blueberry | C23: =CONCATENATE(A23,B23) -> Blueberry | H23: SN | I23: PT | J23: LC
A24: bok-choy | B24: Bok choy | C24: =CONCATENATE(A24,B24) -> bok-choyBok choy | H24: Starting Now | I24: Last Chance | M24: Starting Now | N24: Prime Time | O24: Last Chance | P24: Seasonal Food Guide
A25: Bokchoy | B25: Bok choy | C25: =CONCATENATE(A25,B25) -> BokchoyBok choy | H25: Starting Now | I25: Last Chance | M25: Starting Now | N25: Prime Time | O25: Last Chance | P25: North Carolina State Source https://www.ncagr.gov/marketing/produce-availability-chart/open
B26: Bok choy | C26: =CONCATENATE(A26,B26) -> Bok choy | H26: SN | I26: LC | M26: SN | N26: PT | O26: LC
A27: broccoli | B27: Broccoli | C27: =CONCATENATE(A27,B27) -> broccoliBroccoli | G27: Starting Now | H27: Last Chance | P27: Seasonal Food Guide
A28: Broccoli | B28: Broccoli | C28: =CONCATENATE(A28,B28) -> BroccoliBroccoli | G28: Starting Now | H28: Last Chance | P28: North Carolina State Source https://www.ncagr.gov/marketing/produce-availability-chart/open
B29: Broccoli | C29: =CONCATENATE(A29,B29) -> Broccoli | G29: SN | H29: LC
A30: brussels-sprouts | B30: Brussels sprouts | C30: =CONCATENATE(A30,B30) -> brussels-sproutsBrussels sprouts | M30: Starting Now | N30: Prime Time | O30: Last Chance | P30: Seasonal Food Guide
B31: Brussels sprouts | C31: =CONCATENATE(A31,B31) -> Brussels sprouts | M31: SN- | N31: PT- | O31: LC-
A32: cardoons | B32: Cardoons | C32: =CONCATENATE(A32,B32) -> cardoonsCardoons | M32: Starting Now | N32: Prime Time | O32: Last Chance | P32: Seasonal Food Guide
B33: Cardoons | C33: =CONCATENATE(A33,B33) -> Cardoons | M33: SN- | N33: PT- | O33: LC-
A34: carrots | B34: Carrot | C34: =CONCATENATE(A34,B34) -> carrotsCarrot | D34: Last Chance | O34: Starting Now | P34: Seasonal Food Guide
A35: Carrots | B35: Carrot | C35: =CONCATENATE(A35,B35) -> CarrotsCarrot | D35: Last Chance | I35: Starting Now | J35: Last Chance | O35: Starting Now | P35: North Carolina State Source https://www.ncagr.gov/marketing/produce-availability-chart/open
B36: Carrot | C36: =CONCATENATE(A36,B36) -> Carrot | D36: LC | I36: SN* | J36: LC* | O36: SN
A37: cauliflower | B37: Cauliflower | C37: =CONCATENATE(A37,B37) -> cauliflowerCauliflower | M37: Starting Now | N37: Prime Time | O37: Last Chance | P37: Seasonal Food Guide
B38: Cauliflower | C38: =CONCATENATE(A38,B38) -> Cauliflower | M38: SN- | N38: PT- | O38: LC-
A39: celery-root | B39: Celeriac | C39: =CONCATENATE(A39,B39) -> celery-rootCeleriac | D39: Last Chance | M39: Starting Now | N39: Prime Time | O39: Prime Time | P39: Seasonal Food Guide
B40: Celeriac | C40: =CONCATENATE(A40,B40) -> Celeriac | D40: LC- | M40: SN- | N40: PT- | O40: PT-
A41: celery | B41: Celery | C41: =CONCATENATE(A41,B41) -> celeryCelery | L41: Starting Now | M41: Prime Time | N41: Last Chance | P41: Seasonal Food Guide
B42: Celery | C42: =CONCATENATE(A42,B42) -> Celery | L42: SN- | M42: PT- | N42: LC-
A43: chard | B43: Chard | C43: =CONCATENATE(A43,B43) -> chardChard | F43: Starting Now | G43: Prime Time | H43: Prime Time | I43: Prime Time | J43: Prime Time | K43: Prime Time | L43: Prime Time | M43: Prime Time | N43: Prime Time | O43: Last Chance | P43: Seasonal Food Guide
B44: Chard | C44: =CONCATENATE(A44,B44) -> Chard | F44: SN- | G44: PT- | H44: PT- | I44: PT- | J44: PT- | K44: PT- | L44: PT- | M44: PT- | N44: PT- | O44: LC-
A45: cherries | B45: Cherry | C45: =CONCATENATE(A45,B45) -> cherriesCherry | H45: Starting Now | I45: Prime Time | J45: Last Chance | P45: Seasonal Food Guide
B46: Cherry | C46: =CONCATENATE(A46,B46) -> Cherry | H46: SN- | I46: PT- | J46: LC-
A47: chicories | B47: Chicory | C47: =CONCATENATE(A47,B47) -> chicoriesChicory | M47: Starting Now | N47: Prime Time | O47: Last Chance | P47: Seasonal Food Guide
B48: Chicory | C48: =CONCATENATE(A48,B48) -> Chicory | M48: SN- | N48: PT- | O48: LC-
A49: Napa | B49: Chinese Cabbage | C49: =CONCATENATE(A49,B49) -> NapaChinese Cabbage | H49: Starting Now | I49: Last Chance | M49: Starting Now | N49: Prime Time | O49: Last Chance | P49: North Carolina State Source https://www.ncagr.gov/marketing/produce-availability-chart/open
B50: Chinese Cabbage | C50: =CONCATENATE(A50,B50) -> Chinese Cabbage | H50: SN- | I50: LC- | M50: SN- | N50: PT- | O50: LC-
A51: collard-greens | B51: Collard greens | C51: =CONCATENATE(A51,B51) -> collard-greensCollard greens | D51: Prime Time | E51: Prime Time | F51: Prime Time | G51: Prime Time | H51: Prime Time | I51: Prime Time | J51: Prime Time | K51: Prime Time | L51: Prime Time | M51: Prime Time | N51: Prime Time | O51: Prime Time | P51: Seasonal Food Guide
A52: Collard Greens | B52: Collard greens | C52: =CONCATENATE(A52,B52) -> Collard GreensCollard greens | D52: Prime Time | E52: Prime Time | F52: Prime Time | G52: Prime Time | H52: Prime Time | I52: Prime Time | J52: Prime Time | K52: Prime Time | L52: Prime Time | M52: Prime Time | N52: Prime Time | O52: Prime Time | P52: North Carolina State Source https://www.ncagr.gov/marketing/produce-availability-chart/open
B53: Collard greens | C53: =CONCATENATE(A53,B53) -> Collard greens | D53: PT | E53: PT | F53: PT | G53: PT | H53: PT | I53: PT | J53: PT | K53: PT | L53: PT | M53: PT | N53: PT | O53: PT
A54: corn | B54: Corn | C54: =CONCATENATE(A54,B54) -> cornCorn | I54: Starting Now | J54: Prime Time | K54: Prime Time | L54: Prime Time | M54: Prime Time | N54: Last Chance | P54: Seasonal Food Guide
A55: Indian Corn | B55: Corn | C55: =CONCATENATE(A55,B55) -> Indian CornCorn | L55: Starting Now | M55: Prime Time | N55: Last Chance | P55: North Carolina State Source https://www.ncagr.gov/marketing/produce-availability-chart/open
A56: Sweet Corn | B56: Corn | C56: =CONCATENATE(A56,B56) -> Sweet CornCorn | I56: Starting Now | J56: Prime Time | K56: Prime Time | L56: Last Chance | P56: North Carolina State Source https://www.ncagr.gov/marketing/produce-availability-chart/open
B57: Corn | C57: =CONCATENATE(A57,B57) -> Corn | I57: SN* | J57: PT* | K57: PT* | L57: PT | M57: PT* | N57: LC*
A58: cucumbers | B58: Cucumber | C58: =CONCATENATE(A58,B58) -> cucumbersCucumber | I58: Starting Now | J58: Prime Time | K58: Prime Time | L58: Prime Time | M58: Prime Time | N58: Last Chance | P58: Seasonal Food Guide
A59: Cucumbers | B59: Cucumber | C59: =CONCATENATE(A59,B59) -> CucumbersCucumber | I59: Starting Now | J59: Prime Time | K59: Prime Time | L59: Prime Time | M59: Last Chance | P59: North Carolina State Source https://www.ncagr.gov/marketing/produce-availability-chart/open
B60: Cucumber | C60: =CONCATENATE(A60,B60) -> Cucumber | I60: SN | J60: PT | K60: PT | L60: PT | M60: PT | N60: LC*
A61: endive | B61: Endive | C61: =CONCATENATE(A61,B61) -> endiveEndive | M61: Starting Now | N61: Prime Time | O61: Last Chance | P61: Seasonal Food Guide
B62: Endive | C62: =CONCATENATE(A62,B62) -> Endive | M62: SN- | N62: PT- | O62: LC-
A63: fennel | B63: Fennel | C63: =CONCATENATE(A63,B63) -> fennelFennel | D63: Prime Time | E63: Prime Time | F63: Prime Time | G63: Prime Time | H63: Prime Time | I63: Last Chance | L63: Starting Now | M63: Prime Time | N63: Prime Time | O63: Prime Time | P63: Seasonal Food Guide
B64: Fennel | C64: =CONCATENATE(A64,B64) -> Fennel | D64: PT- | E64: PT- | F64: PT- | G64: PT- | H64: PT- | I64: LC- | L64: SN- | M64: PT- | N64: PT- | O64: PT-
A65: figs | B65: Fig | C65: =CONCATENATE(A65,B65) -> figsFig | J65: Starting Now | K65: Prime Time | L65: Last Chance | P65: Seasonal Food Guide
A66: Figs | B66: Fig | C66: =CONCATENATE(A66,B66) -> FigsFig | J66: Starting Now | K66: Prime Time | L66: Last Chance | P66: North Carolina State Source https://www.ncagr.gov/marketing/produce-availability-chart/open
B67: Fig | C67: =CONCATENATE(A67,B67) -> Fig | J67: SN | K67: PT | L67: LC
A68: gooseberries | B68: Gooseberry | C68: =CONCATENATE(A68,B68) -> gooseberriesGooseberry | I68: Starting Now | J68: Last Chance | P68: Seasonal Food Guide
B69: Gooseberry | C69: =CONCATENATE(A69,B69) -> Gooseberry | I69: SN- | J69: LC-
A70: grapes | B70: Grapes | C70: =CONCATENATE(A70,B70) -> grapesGrapes | K70: Starting Now | L70: Last Chance | P70: Seasonal Food Guide
A71: Muscadine Grapes | B71: Grapes | C71: =CONCATENATE(A71,B71) -> Muscadine GrapesGrapes | K71: Starting Now | L71: Prime Time | M71: Last Chance | P71: North Carolina State Source https://www.ncagr.gov/marketing/produce-availability-chart/open
B72: Grapes | C72: =CONCATENATE(A72,B72) -> Grapes | K72: SN | L72: PT | M72: LC*
A73: green-beans | B73: Green bean | C73: =CONCATENATE(A73,B73) -> green-beansGreen bean | I73: Starting Now | J73: Prime Time | K73: Prime Time | L73: Last Chance | P73: Seasonal Food Guide
A74: Green Beans | B74: Green bean | C74: =CONCATENATE(A74,B74) -> Green BeansGreen bean | I74: Starting Now | J74: Prime Time | K74: Prime Time | L74: Last Chance | P74: North Carolina State Source https://www.ncagr.gov/marketing/produce-availability-chart/open
B75: Green bean | C75: =CONCATENATE(A75,B75) -> Green bean | I75: SN | J75: PT | K75: PT | L75: LC
A76: green-onions | B76: Green onion | C76: =CONCATENATE(A76,B76) -> green-onionsGreen onion | F76: Starting Now | G76: Prime Time | H76: Prime Time | I76: Prime Time | J76: Prime Time | K76: Prime Time | L76: Prime Time | M76: Prime Time | N76: Last Chance | P76: Seasonal Food Guide
A77: Green Onions | B77: Green onion | C77: =CONCATENATE(A77,B77) -> Green OnionsGreen onion | I77: Starting Now | J77: Prime Time | K77: Prime Time | L77: Last Chance | P77: North Carolina State Source https://www.ncagr.gov/marketing/produce-availability-chart/open
B78: Green onion | C78: =CONCATENATE(A78,B78) -> Green onion | F78: SN* | G78: PT* | H78: PT* | I78: PT | J78: PT | K78: PT | L78: PT | M78: PT* | N78: LC*
A79: horseradish | B79: Horseradish | C79: =CONCATENATE(A79,B79) -> horseradishHorseradish | D79: Prime Time | E79: Prime Time | F79: Prime Time | G79: Last Chance | M79: Starting Now | N79: Prime Time | O79: Prime Time | P79: Seasonal Food Guide
B80: Horseradish | C80: =CONCATENATE(A80,B80) -> Horseradish | D80: PT- | E80: PT- | F80: PT- | G80: LC- | M80: SN- | N80: PT- | O80: PT-
A81: sunchokes | B81: Jerusalem artichoke | C81: =CONCATENATE(A81,B81) -> sunchokesJerusalem artichoke | D81: Starting Now | E81: Last Chance | I81: Starting Now | J81: Last Chance | P81: Seasonal Food Guide
B82: Jerusalem artichoke | C82: =CONCATENATE(A82,B82) -> Jerusalem artichoke | D82: SN- | E82: LC- | I82: SN- | J82: LC-
A83: kale | B83: Kale | C83: =CONCATENATE(A83,B83) -> kaleKale | H83: Starting Now | I83: Last Chance | M83: Starting Now | N83: Prime Time | O83: Last Chance | P83: Seasonal Food Guide
A84: Kale | B84: Kale | C84: =CONCATENATE(A84,B84) -> KaleKale | H84: Starting Now | I84: Last Chance | M84: Starting Now | N84: Prime Time | O84: Last Chance | P84: North Carolina State Source https://www.ncagr.gov/marketing/produce-availability-chart/open
B85: Kale | C85: =CONCATENATE(A85,B85) -> Kale | H85: SN | I85: LC | M85: SN | N85: PT | O85: LC
A86: kohlrabi | B86: Kohlrabi | C86: =CONCATENATE(A86,B86) -> kohlrabiKohlrabi | D86: Prime Time | E86: Prime Time | F86: Last Chance | M86: Starting Now | N86: Prime Time | O86: Prime Time | P86: Seasonal Food Guide
B87: Kohlrabi | C87: =CONCATENATE(A87,B87) -> Kohlrabi | D87: PT- | E87: PT- | F87: LC- | M87: SN- | N87: PT- | O87: PT-
A88: leeks | B88: Leek | C88: =CONCATENATE(A88,B88) -> leeksLeek | D88: Prime Time | E88: Prime Time | F88: Prime Time | G88: Prime Time | H88: Prime Time | I88: Prime Time | J88: Prime Time | K88: Prime Time | L88: Prime Time | M88: Prime Time | N88: Prime Time | O88: Prime Time | P88: Seasonal Food Guide
B89: Leek | C89: =CONCATENATE(A89,B89) -> Leek | D89: PT- | E89: PT- | F89: PT- | G89: PT- | H89: PT- | I89: PT- | J89: PT- | K89: PT- | L89: PT- | M89: PT- | N89: PT- | O89: PT-
A90: lettuce | B90: Lettuce | C90: =CONCATENATE(A90,B90) -> lettuceLettuce | G90: Starting Now | H90: Last Chance | M90: Starting Now | N90: Last Chance | P90: Seasonal Food Guide
A91: Lettuce | B91: Lettuce | C91: =CONCATENATE(A91,B91) -> LettuceLettuce | G91: Starting Now | H91: Last Chance | M91: Starting Now | N91: Last Chance | P91: North Carolina State Source https://www.ncagr.gov/marketing/produce-availability-chart/open
A92: Romain Lettuce | B92: Lettuce | C92: =CONCATENATE(A92,B92) -> Romain LettuceLettuce | G92: Starting Now | H92: Last Chance | M92: Starting Now | N92: Last Chance | P92: North Carolina State Source https://www.ncagr.gov/marketing/produce-availability-chart/open
B93: Lettuce | C93: =CONCATENATE(A93,B93) -> Lettuce | G93: SN | H93: LC | M93: SN | N93: LC
A94: loquats | B94: Loquat | C94: =CONCATENATE(A94,B94) -> loquatsLoquat | G94: Starting Now | H94: Prime Time | I94: Last Chance | P94: Seasonal Food Guide
B95: Loquat | C95: =CONCATENATE(A95,B95) -> Loquat | G95: SN- | H95: PT- | I95: LC-
A96: cantaloupe | B96: Melon | C96: =CONCATENATE(A96,B96) -> cantaloupeMelon | J96: Starting Now | K96: Last Chance | P96: Seasonal Food Guide
A97: melons | B97: Melon | C97: =CONCATENATE(A97,B97) -> melonsMelon | J97: Starting Now | K97: Last Chance | P97: Seasonal Food Guide
A98: Cantaloupes | B98: Melon | C98: =CONCATENATE(A98,B98) -> CantaloupesMelon | J98: Starting Now | K98: Last Chance | P98: North Carolina State Source https://www.ncagr.gov/marketing/produce-availability-chart/open
A99: Honeydew Melons | B99: Melon | C99: =CONCATENATE(A99,B99) -> Honeydew MelonsMelon | J99: Starting Now | K99: Last Chance | P99: North Carolina State Source https://www.ncagr.gov/marketing/produce-availability-chart/open
A100: Sprite Melons | B100: Melon | C100: =CONCATENATE(A100,B100) -> Sprite MelonsMelon | J100: Starting Now | K100: Last Chance | P100: North Carolina State Source https://www.ncagr.gov/marketing/produce-availability-chart/open
...

Sheet South Carolina V
A1: vegetable | B1: Fork Ranger name | C1: helpcolumn | D1: January | E1: February | F1: March | G1: April | H1: May | I1: June | J1: July | K1: August | L1: September | M1: October | N1: November | O1: December
B2: Abricot | C2: =CONCATENATE(A2,B2) -> Abricot
A3: apples | B3: Apple | C3: =CONCATENATE(A3,B3) -> applesApple | L3: Starting Now | M3: Prime Time | N3: Prime Time | O3: Last Chance | P3: Seasonal Food Guide
A4: apples | B4: Apple | C4: =CONCATENATE(A4,B4) -> applesApple | L4: x | M4: x | N4: x | O4: x | P4: Certified South Carolina
B5: Apple | C5: =CONCATENATE(A5,B5) -> Apple | L5: SN | M5: PT | N5: PT | O5: LC
B6: Artichoke | C6: =CONCATENATE(A6,B6) -> Artichoke
B7: Asian pears | C7: =CONCATENATE(A7,B7) -> Asian pears
A8: asparagus | B8: Asparagus | C8: =CONCATENATE(A8,B8) -> asparagusAsparagus | F8: Starting Now | G8: Prime Time | H8: Last Chance | P8: Seasonal Food Guide
A9: asparagus | B9: Asparagus | C9: =CONCATENATE(A9,B9) -> asparagusAsparagus | F9: x | G9: x | H9: x | P9: Certified South Carolina
B10: Asparagus | C10: =CONCATENATE(A10,B10) -> Asparagus | F10: SN | G10: PT | H10: LC
A11: eggplant | B11: Aubergine | C11: =CONCATENATE(A11,B11) -> eggplantAubergine | I11: Starting Now | J11: Prime Time | K11: Prime Time | L11: Prime Time | M11: Last Chance | P11: Seasonal Food Guide
A12: eggplant | B12: Aubergine | C12: =CONCATENATE(A12,B12) -> eggplantAubergine | I12: x | J12: x | K12: x | N12: x | P12: Certified South Carolina
B13: Aubergine | C13: =CONCATENATE(A13,B13) -> Aubergine | I13: SN | J13: PT | K13: PT | L13: PT | M13: LC | N13: *
B14: Avocado | C14: =CONCATENATE(A14,B14) -> Avocado
A15: beets | B15: Beetroot | C15: =CONCATENATE(A15,B15) -> beetsBeetroot | D15: Prime Time | E15: Prime Time | F15: Prime Time | G15: Prime Time | H15: Prime Time | I15: Prime Time | J15: Prime Time | K15: Prime Time | L15: Prime Time | M15: Prime Time | N15: Prime Time | O15: Prime Time | P15: Seasonal Food Guide
A16: beets | B16: Beetroot | C16: =CONCATENATE(A16,B16) -> beetsBeetroot | D16: x | E16: x | F16: x | G16: x | H16: x | M16: x | N16: x | O16: x | P16: Certified South Carolina
B17: Beetroot | C17: =CONCATENATE(A17,B17) -> Beetroot | D17: PT | E17: PT | F17: PT | G17: PT | H17: PT | I17: GFS* | J17: GFS* | K17: GFS* | L17: GFS* | M17: PT | N17: PT | O17: PT
A18: peppers | B18: Bell pepper | C18: =CONCATENATE(A18,B18) -> peppersBell pepper | I18: Starting Now | J18: Prime Time | K18: Prime Time | L18: Prime Time | M18: Prime Time | N18: Last Chance | P18: Seasonal Food Guide
A19: peppers (variety) | B19: Bell pepper | C19: =CONCATENATE(A19,B19) -> peppers (variety)Bell pepper | I19: x | J19: x | K19: x | L19: x | M19: x | N19: x | P19: Certified South Carolina
B20: Bell pepper | C20: =CONCATENATE(A20,B20) -> Bell pepper | I20: SN | J20: PT | K20: PT | L20: PT | M20: PT | N20: LC
A21: blackberries | B21: Blackberry | C21: =CONCATENATE(A21,B21) -> blackberriesBlackberry | I21: Starting Now | J21: Last Chance | P21: Seasonal Food Guide
A22: brambles | B22: Blackberry | C22: =CONCATENATE(A22,B22) -> bramblesBlackberry | I22: Starting Now | J22: Last Chance | P22: Seasonal Food Guide
A23: blackberries | B23: Blackberry | C23: =CONCATENATE(A23,B23) -> blackberriesBlackberry | I23: x | J23: x | P23: Certified South Carolina
B24: Blackberry | C24: =CONCATENATE(A24,B24) -> Blackberry | I24: SN | J24: PT
A25: blueberries | B25: Blueberry | C25: =CONCATENATE(A25,B25) -> blueberriesBlueberry | I25: Starting Now | J25: Last Chance | P25: Seasonal Food Guide
A26: blueberries | B26: Blueberry | C26: =CONCATENATE(A26,B26) -> blueberriesBlueberry | G26: x | H26: x | I26: x | J26: x | P26: Certified South Carolina
B27: Blueberry | C27: =CONCATENATE(A27,B27) -> Blueberry | G27: * | H27: SN* | I27: PT | J27: LC
A28: bok-choy | B28: Bok choy | C28: =CONCATENATE(A28,B28) -> bok-choyBok choy | F28: Starting Now | G28: Prime Time | H28: Prime Time | I28: Last Chance | L28: Starting Now | M28: Last Chance | P28: Seasonal Food Guide
A29: bok choy | B29: Bok choy | C29: =CONCATENATE(A29,B29) -> bok choyBok choy | F29: x | G29: x | H29: x | I29: x | L29: x | M29: x | P29: Certified South Carolina
B30: Bok choy | C30: =CONCATENATE(A30,B30) -> Bok choy | F30: SN | G30: PT | H30: PT | I30: LC | L30: SN | M30: PT
B31: Boysenberry | C31: =CONCATENATE(A31,B31) -> Boysenberry
B32: Broad beans | C32: =CONCATENATE(A32,B32) -> Broad beans
A33: broccoli | B33: Broccoli | C33: =CONCATENATE(A33,B33) -> broccoliBroccoli | H33: Starting Now | I33: Prime Time | J33: Last Chance | M33: Starting Now | N33: Prime Time | O33: Last Chance | P33: Seasonal Food Guide
A34: broccoli | B34: Broccoli | C34: =CONCATENATE(A34,B34) -> broccoliBroccoli | G34: x | H34: x | I34: x | M34: x | N34: x | O34: x | P34: Certified South Carolina
B35: Broccoli | C35: =CONCATENATE(A35,B35) -> Broccoli | G35: * | H35: SN* | I35: PT | J35: LC* | M35: SN | N35: PT | O35: LC
A36: brussels-sprouts | B36: Brussels sprouts | C36: =CONCATENATE(A36,B36) -> brussels-sproutsBrussels sprouts | D36: Prime Time | E36: Last Chance | N36: Starting Now | O36: Prime Time | P36: Seasonal Food Guide
B37: Brussels sprouts | C37: =CONCATENATE(A37,B37) -> Brussels sprouts | D37: PT- | E37: LC- | N37: SN- | O37: PT-
A38: cantaloupe | B38: Cantaloupe | C38: =CONCATENATE(A38,B38) -> cantaloupeCantaloupe | I38: Starting Now | J38: Prime Time | K38: Last Chance | P38: Seasonal Food Guide
A39: cantaloupe | B39: Cantaloupe | C39: =CONCATENATE(A39,B39) -> cantaloupeCantaloupe | I39: x | J39: x | K39: x | P39: Certified South Carolina
B40: Cantaloupe | C40: =CONCATENATE(A40,B40) -> Cantaloupe | I40: SN | J40: PT | K40: LC
A41: cardoons | B41: Cardoons | C41: =CONCATENATE(A41,B41) -> cardoonsCardoons | M41: Starting Now | N41: Prime Time | O41: Last Chance | P41: Seasonal Food Guide
B42: Cardoons | C42: =CONCATENATE(A42,B42) -> Cardoons | M42: SN- | N42: PT- | O42: LC-
A43: carrots | B43: Carrot | C43: =CONCATENATE(A43,B43) -> carrotsCarrot | D43: Prime Time | E43: Prime Time | F43: Prime Time | G43: Prime Time | H43: Last Chance | M43: Starting Now | N43: Prime Time | O43: Prime Time | P43: Seasonal Food Guide
A44: carrots | B44: Carrot | C44: =CONCATENATE(A44,B44) -> carrotsCarrot | D44: x | E44: x | F44: x | G44: x | H44: x | L44: x | M44: x | N44: x | O44: x | P44: Certified South Carolina
B45: Carrot | C45: =CONCATENATE(A45,B45) -> Carrot | D45: PT | E45: PT | F45: PT | G45: PT | H45: LC | L45: SN* | M45: PT | N45: PT | O45: PT
A46: cauliflower | B46: Cauliflower | C46: =CONCATENATE(A46,B46) -> cauliflowerCauliflower | M46: Starting Now | N46: Prime Time | O46: Last Chance | P46: Seasonal Food Guide
A47: cauliflower | B47: Cauliflower | C47: =CONCATENATE(A47,B47) -> cauliflowerCauliflower | H47: x | N47: x | O47: x | P47: Certified South Carolina
B48: Cauliflower | C48: =CONCATENATE(A48,B48) -> Cauliflower | H48: * | M48: SN* | N48: PT | O48: LC
A49: celery-root | B49: Celeriac | C49: =CONCATENATE(A49,B49) -> celery-rootCeleriac | D49: Prime Time | E49: Last Chance | M49: Starting Now | N49: Prime Time | O49: Prime Time | P49: Seasonal Food Guide
B50: Celeriac | C50: =CONCATENATE(A50,B50) -> Celeriac | D50: PT- | E50: LC- | M50: SN- | N50: PT- | O50: PT-
A51: celery | B51: Celery | C51: =CONCATENATE(A51,B51) -> celeryCelery | D51: Prime Time | E51: Last Chance | M51: Starting Now | N51: Prime Time | O51: Prime Time | P51: Seasonal Food Guide
B52: Celery | C52: =CONCATENATE(A52,B52) -> Celery | D52: PT- | E52: LC- | M52: SN- | N52: PT- | O52: PT-
A53: chard | B53: Chard | C53: =CONCATENATE(A53,B53) -> chardChard | D53: Prime Time | E53: Prime Time | F53: Prime Time | G53: Prime Time | H53: Last Chance | M53: Starting Now | N53: Prime Time | O53: Prime Time | P53: Seasonal Food Guide
A54: swiss chard | B54: Chard | C54: =CONCATENATE(A54,B54) -> swiss chardChard | F54: x | G54: x | H54: x | I54: x | L54: x | M54: x | P54: Certified South Carolina
B55: Chard | C55: =CONCATENATE(A55,B55) -> Chard | D55: PT* | E55: PT* | F55: PT | G55: PT | H55: LC | I55: * | L55: * | M55: SN | N55: PT* | O55: PT*
A56: cherries | B56: Cherry | C56: =CONCATENATE(A56,B56) -> cherriesCherry | I56: Starting Now | J56: Last Chance | P56: Seasonal Food Guide
B57: Cherry | C57: =CONCATENATE(A57,B57) -> Cherry | I57: SN- | J57: PT-
A58: chicories | B58: Chicory | C58: =CONCATENATE(A58,B58) -> chicoriesChicory | L58: Starting Now | M58: Prime Time | N58: Prime Time | O58: Last Chance | P58: Seasonal Food Guide
B59: Chicory | C59: =CONCATENATE(A59,B59) -> Chicory | L59: SN- | M59: PT- | N59: PT- | O59: LC-
A60: napa cabbage | B60: Chinese Cabbage | C60: =CONCATENATE(A60,B60) -> napa cabbageChinese Cabbage | O60: x | P60: Certified South Carolina
B61: Chinese Cabbage | C61: =CONCATENATE(A61,B61) -> Chinese Cabbage | O61: PT-
A62: collard-greens | B62: Collard greens | C62: =CONCATENATE(A62,B62) -> collard-greensCollard greens | D62: Prime Time | E62: Prime Time | F62: Prime Time | G62: Prime Time | H62: Prime Time | I62: Prime Time | J62: Prime Time | K62: Prime Time | L62: Prime Time | M62: Prime Time | N62: Prime Time | O62: Prime Time | P62: Seasonal Food Guide
A63: collard-greens | B63: Collard greens | C63: =CONCATENATE(A63,B63) -> collard-greensCollard greens | D63: x | E63: x | F63: x | G63: x | H63: x | I63: x | J63: x | K63: x | L63: x | M63: x | N63: x | O63: x | P63: Certified South Carolina
B64: Collard greens | C64: =CONCATENATE(A64,B64) -> Collard greens | D64: PT | E64: PT | F64: PT | G64: PT | H64: PT | I64: PT | J64: PT | K64: PT | L64: PT | M64: PT | N64: PT | O64: PT
A65: corn | B65: Corn | C65: =CONCATENATE(A65,B65) -> cornCorn | H65: Starting Now | I65: Prime Time | J65: Prime Time | K65: Last Chance | P65: Seasonal Food Guide
A66: field corn | B66: Corn | C66: =CONCATENATE(A66,B66) -> field cornCorn | J66: x | K66: x | L66: x | P66: Certified South Carolina | Q66: Not for human consumption
A67: sweet corn | B67: Corn | C67: =CONCATENATE(A67,B67) -> sweet cornCorn | H67: x | I67: x | J67: x | P67: Certified South Carolina
B68: Corn | C68: =CONCATENATE(A68,B68) -> Corn | H68: SN | I68: PT | J68: PT | K68: LC*
A69: cucumbers | B69: Cucumber | C69: =CONCATENATE(A69,B69) -> cucumbersCucumber | H69: Starting Now | I69: Last Chance | M69: Prime Time | P69: Seasonal Food Guide
A70: cucumbers | B70: Cucumber | C70: =CONCATENATE(A70,B70) -> cucumbersCucumber | H70: x | I70: x | J70: x | L70: x | M70: x | N70: x | P70: Certified South Carolina
B71: Cucumber | C71: =CONCATENATE(A71,B71) -> Cucumber | H71: SN | I71: PT | J71: LC* | L71: SN* | M71: PT | N71: LC* | P71: Two seasons confirmed: https://www.saturdaymarketlive.com/163/Whats-in-Season
A72: endive | B72: Endive | C72: =CONCATENATE(A72,B72) -> endiveEndive | L72: Starting Now | M72: Prime Time | N72: Prime Time | O72: Last Chance | P72: Seasonal Food Guide
B73: Endive | C73: =CONCATENATE(A73,B73) -> Endive | L73: SN- | M73: PT- | N73: PT- | O73: LC-
A74: fennel | B74: Fennel | C74: =CONCATENATE(A74,B74) -> fennelFennel | G74: x | H74: x | I74: x | M74: x | N74: x | O74: x | P74: Certified South Carolina
B75: Fennel | C75: =CONCATENATE(A75,B75) -> Fennel | G75: SN- | H75: PT- | I75: LC- | M75: SN- | N75: PT- | O75: LC-
A76: figs | B76: Fig | C76: =CONCATENATE(A76,B76) -> figsFig | J76: Starting Now | K76: Last Chance | P76: Seasonal Food Guide
A77: figs | B77: Fig | C77: =CONCATENATE(A77,B77) -> figsFig | K77: x | L77: x | P77: Certified South Carolina
B78: Fig | C78: =CONCATENATE(A78,B78) -> Fig | J78: SN* | K78: PT | L78: LC*
A79: gooseberries | B79: Gooseberry | C79: =CONCATENATE(A79,B79) -> gooseberriesGooseberry | J79: Starting Now | K79: Last Chance | P79: Seasonal Food Guide
B80: Gooseberry | C80: =CONCATENATE(A80,B80) -> Gooseberry | J80: SN- | K80: PT-
B81: Grapefruit | C81: =CONCATENATE(A81,B81) -> Grapefruit
A82: grapes | B82: Grapes | C82: =CONCATENATE(A82,B82) -> grapesGrapes | L82: Starting Now | M82: Prime Time | N82: Last Chance | P82: Seasonal Food Guide
A83: muscadine | B83: Grapes | C83: =CONCATENATE(A83,B83) -> muscadineGrapes | K83: x | L83: x | M83: x | N83: x | P83: Certified South Carolina
B84: Grapes | C84: =CONCATENATE(A84,B84) -> Grapes | K84: SN* | L84: PT | M84: PT | N84: LC
A85: green-beans | B85: Green bean | C85: =CONCATENATE(A85,B85) -> green-beansGreen bean | H85: Starting Now | I85: Prime Time | J85: Prime Time | K85: Prime Time | L85: Prime Time | M85: Last Chance | P85: Seasonal Food Guide
A86: beans (snap, pole, variety) | B86: Green bean | C86: =CONCATENATE(A86,B86) -> beans (snap, pole, variety)Green bean | H86: x | I86: x | J86: x | K86: x | L86: x | M86: x | P86: Certified South Carolina
B87: Green bean | C87: =CONCATENATE(A87,B87) -> Green bean | H87: SN | I87: PT | J87: PT | K87: PT | L87: PT | M87: LC
A88: green-onions | B88: Green onion | C88: =CONCATENATE(A88,B88) -> green-onionsGreen onion | D88: Starting Now | E88: Prime Time | F88: Prime Time | G88: Prime Time | H88: Prime Time | I88: Prime Time | J88: Prime Time | K88: Prime Time | L88: Prime Time | M88: Prime Time | N88: Last Chance | P88: Seasonal Food Guide
A89: green onions | B89: Green onion | C89: =CONCATENATE(A89,B89) -> green onionsGreen onion | E89: x | F89: x | P89: Certified South Carolina
B90: Green onion | C90: =CONCATENATE(A90,B90) -> Green onion
A91: horseradish | B91: Horseradish | C91: =CONCATENATE(A91,B91) -> horseradishHorseradish | D91: Prime Time | E91: Prime Time | F91: Prime Time | G91: Last Chance | M91: Starting Now | N91: Prime Time | O91: Prime Time | P91: Seasonal Food Guide
B92: Horseradish | C92: =CONCATENATE(A92,B92) -> Horseradish
A93: sunchokes | B93: Jerusalem artichoke | C93: =CONCATENATE(A93,B93) -> sunchokesJerusalem artichoke | D93: Starting Now | E93: Prime Time | F93: Last Chance | H93: Starting Now | I93: Prime Time | J93: Last Chance | P93: Seasonal Food Guide
A94: sun chokes | B94: Jerusalem artichoke | C94: =CONCATENATE(A94,B94) -> sun chokesJerusalem artichoke | N94: x | P94: Certified South Carolina
B95: Jerusalem artichoke | C95: =CONCATENATE(A95,B95) -> Jerusalem artichoke
A96: kale | B96: Kale | C96: =CONCATENATE(A96,B96) -> kaleKale | D96: Prime Time | E96: Prime Time | F96: Prime Time | G96: Prime Time | H96: Prime Time | I96: Prime Time | J96: Prime Time | K96: Prime Time | L96: Prime Time | M96: Prime Time | N96: Prime Time | O96: Prime Time | P96: Seasonal Food Guide
A97: kale | B97: Kale | C97: =CONCATENATE(A97,B97) -> kaleKale | D97: x | E97: x | F97: x | G97: x | H97: x | I97: x | J97: x | K97: x | L97: x | M97: x | N97: x | O97: x | P97: Certified South Carolina
B98: Kale | C98: =CONCATENATE(A98,B98) -> Kale | D98: PT | E98: PT | F98: PT | G98: PT | H98: PT | I98: PT | J98: PT | K98: PT | L98: PT | M98: PT | N98: PT | O98: PT
B99: Kiwi | C99: =CONCATENATE(A99,B99) -> Kiwi
A100: kohlrabi | B100: Kohlrabi | C100: =CONCATENATE(A100,B100) -> kohlrabiKohlrabi | D100: Prime Time | E100: Prime Time | F100: Last Chance | M100: Starting Now | N100: Prime Time | O100: Prime Time | P100: Seasonal Food Guide
...

Sheet Tennessee V
A1: vegetable | B1: Fork Ranger name | C1: helpcolumn | D1: January | E1: February | F1: March | G1: April | H1: May | I1: June | J1: July | K1: August | L1: September | M1: October | N1: November | O1: December
A2: apricots | B2: Abricot | C2: =CONCATENATE(A2,B2) -> apricotsAbricot | J2: Starting Now | K2: Last Chance | P2: Seasonal Food Guide
B3: Abricot | C3: =CONCATENATE(A3,B3) -> Abricot | J3: SN- | K3: LC-
A4: apples | B4: Apple | C4: =CONCATENATE(A4,B4) -> applesApple | I4: Starting Now | J4: Prime Time | K4: Prime Time | L4: Prime Time | M4: Prime Time | N4: Last Chance | P4: Seasonal Food Guide
A5: Apples | B5: Apple | C5: =CONCATENATE(A5,B5) -> ApplesApple | I5: x | J5: x | K5: x | L5: x | M5: x | N5: x | O5: x | P5: University of Tennessee
A6: apples | B6: Apple | C6: =CONCATENATE(A6,B6) -> applesApple | I6: x | J6: x | K6: x | L6: x | M6: x | N6: x | P6: Tennessee Farm Flavor
B7: Apple | C7: =CONCATENATE(A7,B7) -> Apple | I7: SN | J7: PT | K7: PT | L7: PT | M7: PT | N7: PT | O7: LC*
A8: asian-pears | B8: Asian pears | C8: =CONCATENATE(A8,B8) -> asian-pearsAsian pears | K8: Starting Now | L8: Prime Time | M8: Last Chance | P8: Seasonal Food Guide
B9: Asian pears | C9: =CONCATENATE(A9,B9) -> Asian pears | K9: SN- | L9: PT- | M9: LC-
A10: asparagus | B10: Asparagus | C10: =CONCATENATE(A10,B10) -> asparagusAsparagus | G10: Starting Now | H10: Last Chance | P10: Seasonal Food Guide
A11: Asparagus | B11: Asparagus | C11: =CONCATENATE(A11,B11) -> AsparagusAsparagus | G11: x | H11: x | P11: University of Tennessee
A12: asparagus | B12: Asparagus | C12: =CONCATENATE(A12,B12) -> asparagusAsparagus | G12: x | H12: x | P12: Tennessee Farm Flavor
B13: Asparagus | C13: =CONCATENATE(A13,B13) -> Asparagus | G13: SN | H13: LC
A14: eggplant | B14: Aubergine | C14: =CONCATENATE(A14,B14) -> eggplantAubergine | J14: Starting Now | K14: Prime Time | L14: Last Chance | P14: Seasonal Food Guide
A15: Eggplant | B15: Aubergine | C15: =CONCATENATE(A15,B15) -> EggplantAubergine | J15: x | K15: x | L15: x | P15: University of Tennessee
A16: eggplants | B16: Aubergine | C16: =CONCATENATE(A16,B16) -> eggplantsAubergine | J16: x | K16: x | L16: x | P16: Tennessee Farm Flavor
B17: Aubergine | C17: =CONCATENATE(A17,B17) -> Aubergine | J17: SN | K17: PT | L17: LC
A18: beets | B18: Beetroot | C18: =CONCATENATE(A18,B18) -> beetsBeetroot | I18: Starting Now | J18: Prime Time | K18: Prime Time | L18: Prime Time | M18: Prime Time | N18: Last Chance | P18: Seasonal Food Guide
A19: beets | B19: Beetroot | C19: =CONCATENATE(A19,B19) -> beetsBeetroot | I19: x | J19: x | K19: x | L19: x | M19: x | N19: x | P19: Tennessee Farm Flavor
B20: Beetroot | C20: =CONCATENATE(A20,B20) -> Beetroot | I20: SN | J20: PT | K20: PT | L20: PT | M20: PT | N20: LC
A21: peppers | B21: Bell pepper | C21: =CONCATENATE(A21,B21) -> peppersBell pepper | J21: Starting Now | K21: Prime Time | L21: Prime Time | M21: Last Chance | P21: Seasonal Food Guide
A22: Bell Pepper | B22: Bell pepper | C22: =CONCATENATE(A22,B22) -> Bell PepperBell pepper | J22: x | K22: x | L22: x | M22: x | P22: University of Tennessee
A23: pimiento peppers | B23: Bell pepper | C23: =CONCATENATE(A23,B23) -> pimiento peppersBell pepper | J23: x | K23: x | L23: x | M23: x | P23: Tennessee Farm Flavor
A24: bell peppers | B24: Bell pepper | C24: =CONCATENATE(A24,B24) -> bell peppersBell pepper | J24: x | K24: x | L24: x | M24: x | P24: Tennessee Farm Flavor
B25: Bell pepper | C25: =CONCATENATE(A25,B25) -> Bell pepper | J25: SN | K25: PT | L25: PT | M25: LC
A26: blackberries | B26: Blackberry | C26: =CONCATENATE(A26,B26) -> blackberriesBlackberry | I26: Starting Now | J26: Prime Time | K26: Prime Time | L26: Last Chance | P26: Seasonal Food Guide
A27: brambles | B27: Blackberry | C27: =CONCATENATE(A27,B27) -> bramblesBlackberry | I27: Starting Now | J27: Prime Time | K27: Prime Time | L27: Last Chance | P27: Seasonal Food Guide
A28: blackberries | B28: Blackberry | C28: =CONCATENATE(A28,B28) -> blackberriesBlackberry | I28: x | J28: x | K28: x | L28: x | P28: Tennessee Farm Flavor
B29: Blackberry | C29: =CONCATENATE(A29,B29) -> Blackberry | I29: SN | J29: PT | K29: PT | L29: LC
A30: blueberries | B30: Blueberry | C30: =CONCATENATE(A30,B30) -> blueberriesBlueberry | I30: Starting Now | J30: Prime Time | K30: Last Chance | P30: Seasonal Food Guide
A31: Blueberries | B31: Blueberry | C31: =CONCATENATE(A31,B31) -> BlueberriesBlueberry | I31: x | J31: x | K31: x | P31: University of Tennessee
A32: blueberries | B32: Blueberry | C32: =CONCATENATE(A32,B32) -> blueberriesBlueberry | I32: x | J32: x | K32: x | P32: Tennessee Farm Flavor
B33: Blueberry | C33: =CONCATENATE(A33,B33) -> Blueberry | I33: SN | J33: PT | K33: LC
A34: bok-choy | B34: Bok choy | C34: =CONCATENATE(A34,B34) -> bok-choyBok choy | G34: Starting Now | H34: Prime Time | I34: Last Chance | M34: Starting Now | N34: Last Chance | P34: Seasonal Food Guide
A35: bok choy | B35: Bok choy | C35: =CONCATENATE(A35,B35) -> bok choyBok choy | G35: x | H35: x | I35: x | P35: Tennessee Farm Flavor
B36: Bok choy | C36: =CONCATENATE(A36,B36) -> Bok choy | G36: SN | H36: PT | I36: LC | M36: SN* | N36: LC*
A37: boysenberries | B37: Boysenberry | C37: =CONCATENATE(A37,B37) -> boysenberriesBoysenberry | I37: Starting Now | J37: Prime Time | K37: Last Chance | P37: Seasonal Food Guide
B38: Boysenberry | C38: =CONCATENATE(A38,B38) -> Boysenberry | I38: SN- | J38: PT- | K38: LC-
A39: broccoli | B39: Broccoli | C39: =CONCATENATE(A39,B39) -> broccoliBroccoli | G39: Starting Now | H39: Prime Time | I39: Last Chance | M39: Prime Time | P39: Seasonal Food Guide
A40: Broccoli | B40: Broccoli | C40: =CONCATENATE(A40,B40) -> BroccoliBroccoli | H40: x | I40: x | M40: x | N40: x | P40: University of Tennessee
A41: broccoli | B41: Broccoli | C41: =CONCATENATE(A41,B41) -> broccoliBroccoli | G41: x | H41: x | I41: x | M41: x | P41: Tennessee Farm Flavor
B42: Broccoli | C42: =CONCATENATE(A42,B42) -> Broccoli | G42: SN* | H42: PT | I42: LC | M42: SN* | N42: PT*
A43: brussels-sprouts | B43: Brussels sprouts | C43: =CONCATENATE(A43,B43) -> brussels-sproutsBrussels sprouts | L43: Starting Now | M43: Prime Time | N43: Prime Time | O43: Last Chance | P43: Seasonal Food Guide
B44: Brussels sprouts | C44: =CONCATENATE(A44,B44) -> Brussels sprouts | L44: SN- | M44: PT- | N44: PT- | O44: LC-
A45: cardoons | B45: Cardoons | C45: =CONCATENATE(A45,B45) -> cardoonsCardoons | M45: Starting Now | N45: Prime Time | O45: Last Chance | P45: Seasonal Food Guide
B46: Cardoons | C46: =CONCATENATE(A46,B46) -> Cardoons | M46: SN- | N46: PT- | O46: LC-
A47: carrots | B47: Carrot | C47: =CONCATENATE(A47,B47) -> carrotsCarrot | H47: Starting Now | I47: Last Chance | M47: Starting Now | N47: Prime Time | O47: Last Chance | P47: Seasonal Food Guide
A48: Carrots | B48: Carrot | C48: =CONCATENATE(A48,B48) -> CarrotsCarrot | H48: x | I48: x | J48: x | P48: University of Tennessee
A49: carrots | B49: Carrot | C49: =CONCATENATE(A49,B49) -> carrotsCarrot | H49: x | I49: x | M49: x | N49: x | O49: x | P49: Tennessee Farm Flavor
B50: Carrot | C50: =CONCATENATE(A50,B50) -> Carrot | H50: SN | I50: PT | J50: LC* | M50: SN* | N50: PT* | O50: LC*
A51: cauliflower | B51: Cauliflower | C51: =CONCATENATE(A51,B51) -> cauliflowerCauliflower | H51: Starting Now | I51: Last Chance | P51: Seasonal Food Guide
A52: Cauliflower | B52: Cauliflower | C52: =CONCATENATE(A52,B52) -> CauliflowerCauliflower | H52: x | I52: x | P52: University of Tennessee
A53: cauliflower | B53: Cauliflower | C53: =CONCATENATE(A53,B53) -> cauliflowerCauliflower | H53: x | I53: x | P53: Tennessee Farm Flavor
B54: Cauliflower | C54: =CONCATENATE(A54,B54) -> Cauliflower | H54: SN | I54: LC
A55: celery-root | B55: Celeriac | C55: =CONCATENATE(A55,B55) -> celery-rootCeleriac | D55: Last Chance | M55: Starting Now | N55: Prime Time | O55: Prime Time | P55: Seasonal Food Guide
B56: Celeriac | C56: =CONCATENATE(A56,B56) -> Celeriac | D56: LC- | M56: SN- | N56: PT- | O56: PT-
A57: celery | B57: Celery | C57: =CONCATENATE(A57,B57) -> celeryCelery | J57: Starting Now | K57: Prime Time | L57: Prime Time | M57: Prime Time | N57: Last Chance | P57: Seasonal Food Guide
B58: Celery | C58: =CONCATENATE(A58,B58) -> Celery | J58: SN- | K58: PT- | L58: PT- | M58: PT- | N58: LC-
A59: chard | B59: Chard | C59: =CONCATENATE(A59,B59) -> chardChard | F59: Starting Now | G59: Prime Time | H59: Prime Time | I59: Prime Time | J59: Prime Time | K59: Prime Time | L59: Prime Time | M59: Prime Time | N59: Prime Time | O59: Last Chance | P59: Seasonal Food Guide
B60: Chard | C60: =CONCATENATE(A60,B60) -> Chard | F60: SN- | G60: PT- | H60: PT- | I60: PT- | J60: PT- | K60: PT- | L60: PT- | M60: PT- | N60: PT- | O60: LC-
A61: cherries | B61: Cherry | C61: =CONCATENATE(A61,B61) -> cherriesCherry | I61: Starting Now | J61: Last Chance | P61: Seasonal Food Guide
A62: Cherries | B62: Cherry | C62: =CONCATENATE(A62,B62) -> CherriesCherry | I62: x | J62: x | P62: University of Tennessee
A63: cherries | B63: Cherry | C63: =CONCATENATE(A63,B63) -> cherriesCherry | I63: x | J63: x | P63: Tennessee Farm Flavor
B64: Cherry | C64: =CONCATENATE(A64,B64) -> Cherry | I64: SN | J64: LC
A65: chicories | B65: Chicory | C65: =CONCATENATE(A65,B65) -> chicoriesChicory | M65: Starting Now | N65: Prime Time | O65: Last Chance | P65: Seasonal Food Guide
B66: Chicory | C66: =CONCATENATE(A66,B66) -> Chicory | M66: SN- | N66: PT- | O66: LC-
A67: chinese cabbage | B67: Chinese Cabbage | C67: =CONCATENATE(A67,B67) -> chinese cabbageChinese Cabbage | G67: x | H67: x | I67: x | P67: Tennessee Farm Flavor
B68: Chinese Cabbage | C68: =CONCATENATE(A68,B68) -> Chinese Cabbage | G68: SN- | H68: PT- | I68: LC-
A69: collard-greens | B69: Collard greens | C69: =CONCATENATE(A69,B69) -> collard-greensCollard greens | G69: Starting Now | H69: Prime Time | I69: Prime Time | J69: Prime Time | K69: Prime Time | L69: Prime Time | M69: Prime Time | N69: Last Chance | P69: Seasonal Food Guide
A70: Collards | B70: Collard greens | C70: =CONCATENATE(A70,B70) -> CollardsCollard greens | G70: x | H70: x | I70: x | P70: University of Tennessee
A71: collard greens | B71: Collard greens | C71: =CONCATENATE(A71,B71) -> collard greensCollard greens | G71: x | H71: x | I71: x | M71: x | P71: Tennessee Farm Flavor
B72: Collard greens | C72: =CONCATENATE(A72,B72) -> Collard greens | G72: SN | H72: PT | I72: PT | J72: PT* | K72: PT* | L72: PT* | M72: PT* | N72: LC*
A73: corn | B73: Corn | C73: =CONCATENATE(A73,B73) -> cornCorn | I73: Starting Now | J73: Prime Time | K73: Prime Time | L73: Last Chance | P73: Seasonal Food Guide
A74: Sweet Corn | B74: Corn | C74: =CONCATENATE(A74,B74) -> Sweet CornCorn | I74: x | J74: x | K74: x | L74: x | P74: University of Tennessee
A75: sweet corn | B75: Corn | C75: =CONCATENATE(A75,B75) -> sweet cornCorn | I75: x | J75: x | K75: x | L75: x | P75: Tennessee Farm Flavor
B76: Corn | C76: =CONCATENATE(A76,B76) -> Corn | I76: SN | J76: PT | K76: PT | L76: LC
A77: cucumbers | B77: Cucumber | C77: =CONCATENATE(A77,B77) -> cucumbersCucumber | I77: Starting Now | J77: Prime Time | K77: Prime Time | L77: Last Chance | P77: Seasonal Food Guide
A78: Cucumbers | B78: Cucumber | C78: =CONCATENATE(A78,B78) -> CucumbersCucumber | I78: x | J78: x | K78: x | L78: x | P78: University of Tennessee
A79: cucumbers | B79: Cucumber | C79: =CONCATENATE(A79,B79) -> cucumbersCucumber | I79: x | J79: x | K79: x | L79: x | P79: Tennessee Farm Flavor
B80: Cucumber | C80: =CONCATENATE(A80,B80) -> Cucumber | I80: SN | J80: PT | K80: PT | L80: LC
A81: endive | B81: Endive | C81: =CONCATENATE(A81,B81) -> endiveEndive | M81: Starting Now | N81: Prime Time | O81: Last Chance | P81: Seasonal Food Guide
B82: Endive | C82: =CONCATENATE(A82,B82) -> Endive | M82: SN- | N82: PT- | O82: LC-
A83: fennel | B83: Fennel | C83: =CONCATENATE(A83,B83) -> fennelFennel | D83: Prime Time | E83: Prime Time | F83: Prime Time | G83: Prime Time | H83: Last Chance | L83: Starting Now | M83: Prime Time | N83: Prime Time | O83: Prime Time | P83: Seasonal Food Guide
B84: Fennel | C84: =CONCATENATE(A84,B84) -> Fennel | D84: PT- | E84: PT- | F84: PT- | G84: PT- | H84: LC- | L84: SN- | M84: PT- | N84: PT- | O84: PT-
A85: gooseberries | B85: Gooseberry | C85: =CONCATENATE(A85,B85) -> gooseberriesGooseberry | I85: Starting Now | J85: Last Chance | P85: Seasonal Food Guide
A86: gooseberries | B86: Gooseberry | C86: =CONCATENATE(A86,B86) -> gooseberriesGooseberry | I86: x | J86: x | P86: Tennessee Farm Flavor
B87: Gooseberry | C87: =CONCATENATE(A87,B87) -> Gooseberry | I87: SN | J87: LC
A88: grapes | B88: Grapes | C88: =CONCATENATE(A88,B88) -> grapesGrapes | J88: Starting Now | K88: Prime Time | L88: Prime Time | M88: Last Chance | P88: Seasonal Food Guide
A89: Grapes | B89: Grapes | C89: =CONCATENATE(A89,B89) -> GrapesGrapes | J89: x | K89: x | L89: x | P89: University of Tennessee
A90: grapes | B90: Grapes | C90: =CONCATENATE(A90,B90) -> grapesGrapes | J90: x | K90: x | L90: x | P90: Tennessee Farm Flavor
A91: muscadine grapes | B91: Grapes | C91: =CONCATENATE(A91,B91) -> muscadine grapesGrapes | L91: x | M91: x | P91: Tennessee Farm Flavor
B92: Grapes | C92: =CONCATENATE(A92,B92) -> Grapes | J92: SN* | K92: PT* | L92: PT | M92: LC*
A93: green-beans | B93: Green bean | C93: =CONCATENATE(A93,B93) -> green-beansGreen bean | I93: Starting Now | J93: Prime Time | K93: Prime Time | L93: Prime Time | M93: Last Chance | P93: Seasonal Food Guide
A94: Polebeans | B94: Green bean | C94: =CONCATENATE(A94,B94) -> PolebeansGreen bean | I94: x | J94: x | K94: x | L94: x | P94: University of Tennessee
A95: Snapbeans | B95: Green bean | C95: =CONCATENATE(A95,B95) -> SnapbeansGreen bean | I95: x | J95: x | K95: x | L95: x | M95: x | P95: University of Tennessee
A96: polebeans | B96: Green bean | C96: =CONCATENATE(A96,B96) -> polebeansGreen bean | I96: x | J96: x | K96: x | L96: x | P96: Tennessee Farm Flavor
A97: snap beans | B97: Green bean | C97: =CONCATENATE(A97,B97) -> snap beansGreen bean | I97: x | J97: x | K97: x | L97: x | M97: x | P97: Tennessee Farm Flavor
B98: Green bean | C98: =CONCATENATE(A98,B98) -> Green bean | I98: SN | J98: PT | K98: PT | L98: PT | M98: LC*
A99: green-onions | B99: Green onion | C99: =CONCATENATE(A99,B99) -> green-onionsGreen onion | F99: Starting Now | G99: Prime Time | H99: Prime Time | I99: Prime Time | J99: Prime Time | K99: Prime Time | L99: Prime Time | M99: Prime Time | N99: Last Chance | P99: Seasonal Food Guide
B100: Green onion | C100: =CONCATENATE(A100,B100) -> Green onion | F100: SN- | G100: PT- | H100: PT- | I100: PT- | J100: PT- | K100: PT- | L100: PT- | M100: PT- | N100: LC-
...

Sheet Virginia V
A1: vegetable | B1: Fork Ranger name | C1: helpcolumn | D1: January | E1: February | F1: March | G1: April | H1: May | I1: June | J1: July | K1: August | L1: September | M1: October | N1: November | O1: December
A2: apples | B2: Apple | C2: =CONCATENATE(A2,B2) -> applesApple | D2: Prime Time | E2: Prime Time | F2: Prime Time | G2: Last Chance | J2: Starting Now | K2: Prime Time | L2: Prime Time | M2: Prime Time | N2: Prime Time | O2: Prime Time | P2: Virginia Seasonal Food Guide
A3: Apples | B3: Apple | C3: =CONCATENATE(A3,B3) -> ApplesApple | D3: Prime Time | E3: Prime Time | F3: Prime Time | G3: Last Chance | J3: Starting Now | K3: Prime Time | L3: Prime Time | M3: Prime Time | N3: Prime Time | O3: Prime Time | P3: Virginia State Source https://www.vdacs.virginia.gov/pdf/producechart.pdf
B4: Apple | C4: =CONCATENATE(A4,B4) -> Apple | D4: PT | E4: PT | F4: PT | G4: LC | J4: SN | K4: PT | L4: PT | M4: PT | N4: PT | O4: PT
A5: artichokes | B5: Artichoke | C5: =CONCATENATE(A5,B5) -> artichokesArtichoke | K5: Prime Time | P5: Virginia Seasonal Food Guide
B6: Artichoke | C6: =CONCATENATE(A6,B6) -> Artichoke | K6: PT-
A7: asian-pears | B7: Asian pears | C7: =CONCATENATE(A7,B7) -> asian-pearsAsian pears | K7: Starting Now | L7: Prime Time | M7: Prime Time | N7: Last Chance | P7: Virginia Seasonal Food Guide
A8: asian pears | B8: Asian pears | C8: =CONCATENATE(A8,B8) -> asian pearsAsian pears | K8: x | L8: x | M8: x | N8: x | P8: https://vagrown.vdacs.virginia.gov/whats-in-season
B9: Asian pears | C9: =CONCATENATE(A9,B9) -> Asian pears | K9: SN | L9: PT | M9: PT | N9: LC
A10: asparagus | B10: Asparagus | C10: =CONCATENATE(A10,B10) -> asparagusAsparagus | G10: Starting Now | H10: Prime Time | I10: Last Chance | P10: Virginia Seasonal Food Guide
A11: Asparagus | B11: Asparagus | C11: =CONCATENATE(A11,B11) -> AsparagusAsparagus | G11: Starting Now | H11: Prime Time | I11: Last Chance | P11: Virginia State Source https://www.vdacs.virginia.gov/pdf/producechart.pdf
B12: Asparagus | C12: =CONCATENATE(A12,B12) -> Asparagus | G12: SN | H12: PT | I12: LC
A13: eggplant | B13: Aubergine | C13: =CONCATENATE(A13,B13) -> eggplantAubergine | J13: Starting Now | K13: Prime Time | L13: Last Chance | P13: Virginia Seasonal Food Guide
A14: Eggplant | B14: Aubergine | C14: =CONCATENATE(A14,B14) -> EggplantAubergine | J14: Starting Now | K14: Prime Time | L14: Last Chance | P14: Virginia State Source https://www.vdacs.virginia.gov/pdf/producechart.pdf
B15: Aubergine | C15: =CONCATENATE(A15,B15) -> Aubergine | J15: SN | K15: PT | L15: LC
A16: beets | B16: Beetroot | C16: =CONCATENATE(A16,B16) -> beetsBeetroot | H16: Starting Now | I16: Prime Time | J16: Prime Time | K16: Prime Time | L16: Prime Time | M16: Prime Time | N16: Last Chance | P16: Virginia Seasonal Food Guide
A17: Beets | B17: Beetroot | C17: =CONCATENATE(A17,B17) -> BeetsBeetroot | H17: Starting Now | I17: Prime Time | J17: Prime Time | K17: Prime Time | L17: Prime Time | M17: Prime Time | N17: Last Chance | P17: Virginia State Source https://www.vdacs.virginia.gov/pdf/producechart.pdf
B18: Beetroot | C18: =CONCATENATE(A18,B18) -> Beetroot | H18: SN | I18: PT | J18: PT | K18: PT | L18: PT | M18: PT | N18: LC
A19: peppers | B19: Bell pepper | C19: =CONCATENATE(A19,B19) -> peppersBell pepper | J19: Starting Now | K19: Prime Time | L19: Prime Time | M19: Prime Time | N19: Last Chance | P19: Virginia Seasonal Food Guide
A20: Peppers | B20: Bell pepper | C20: =CONCATENATE(A20,B20) -> PeppersBell pepper | J20: Starting Now | K20: Prime Time | L20: Prime Time | M20: Prime Time | N20: Last Chance | P20: Virginia State Source https://www.vdacs.virginia.gov/pdf/producechart.pdf
B21: Bell pepper | C21: =CONCATENATE(A21,B21) -> Bell pepper | J21: SN | K21: PT | L21: PT | M21: PT | N21: LC
A22: blackberries | B22: Blackberry | C22: =CONCATENATE(A22,B22) -> blackberriesBlackberry | J22: Starting Now | K22: Last Chance | P22: Virginia Seasonal Food Guide
A23: brambles | B23: Blackberry | C23: =CONCATENATE(A23,B23) -> bramblesBlackberry | I23: Starting Now | J23: Prime Time | K23: Last Chance | P23: Virginia Seasonal Food Guide
A24: Blackberries | B24: Blackberry | C24: =CONCATENATE(A24,B24) -> BlackberriesBlackberry | I24: Starting Now | J24: Prime Time | K24: Last Chance | P24: Virginia State Source https://www.vdacs.virginia.gov/pdf/producechart.pdf
B25: Blackberry | C25: =CONCATENATE(A25,B25) -> Blackberry | I25: SN | J25: PT | K25: LC
A26: blueberries | B26: Blueberry | C26: =CONCATENATE(A26,B26) -> blueberriesBlueberry | I26: Starting Now | J26: Prime Time | K26: Last Chance | P26: Virginia Seasonal Food Guide
A27: Blueberries | B27: Blueberry | C27: =CONCATENATE(A27,B27) -> BlueberriesBlueberry | I27: Starting Now | J27: Prime Time | K27: Last Chance | P27: Virginia State Source https://www.vdacs.virginia.gov/pdf/producechart.pdf
B28: Blueberry | C28: =CONCATENATE(A28,B28) -> Blueberry | I28: SN | J28: PT | K28: LC
A29: bok-choy | B29: Bok choy | C29: =CONCATENATE(A29,B29) -> bok-choyBok choy | K29: Starting Now | L29: Prime Time | M29: Last Chance | P29: Virginia Seasonal Food Guide
B30: Bok choy | C30: =CONCATENATE(A30,B30) -> Bok choy | K30: SN- | L30: PT- | M30: LC-
A31: broccoli | B31: Broccoli | C31: =CONCATENATE(A31,B31) -> broccoliBroccoli | L31: Starting Now | M31: Prime Time | N31: Last Chance | P31: Virginia Seasonal Food Guide
A32: Broccoli | B32: Broccoli | C32: =CONCATENATE(A32,B32) -> BroccoliBroccoli | L32: Starting Now | M32: Prime Time | N32: Last Chance | P32: Virginia State Source https://www.vdacs.virginia.gov/pdf/producechart.pdf
B33: Broccoli | C33: =CONCATENATE(A33,B33) -> Broccoli | L33: SN | M33: PT | N33: LC
A34: brussels-sprouts | B34: Brussels sprouts | C34: =CONCATENATE(A34,B34) -> brussels-sproutsBrussels sprouts | M34: Starting Now | N34: Prime Time | O34: Last Chance | P34: Virginia Seasonal Food Guide
A35: brussels-sprouts | B35: Brussels sprouts | C35: =CONCATENATE(A35,B35) -> brussels-sproutsBrussels sprouts | M35: x | N35: x | O35: x | P35: https://vagrown.vdacs.virginia.gov/whats-in-season
B36: Brussels sprouts | C36: =CONCATENATE(A36,B36) -> Brussels sprouts | M36: SN | N36: PT | O36: LC
A37: cardoons | B37: Cardoons | C37: =CONCATENATE(A37,B37) -> cardoonsCardoons | M37: Starting Now | N37: Prime Time | O37: Last Chance | P37: Virginia Seasonal Food Guide
B38: Cardoons | C38: =CONCATENATE(A38,B38) -> Cardoons | M38: SN- | N38: PT- | O38: LC-
A39: carrots | B39: Carrot | C39: =CONCATENATE(A39,B39) -> carrotsCarrot | D39: Prime Time | E39: Prime Time | F39: Prime Time | G39: Prime Time | H39: Prime Time | I39: Prime Time | J39: Prime Time | K39: Prime Time | L39: Prime Time | M39: Prime Time | N39: Prime Time | O39: Prime Time | P39: Virginia Seasonal Food Guide
B40: Carrot | C40: =CONCATENATE(A40,B40) -> Carrot | D40: PT- | E40: PT- | F40: PT- | G40: PT- | H40: PT- | I40: PT- | J40: PT- | K40: PT- | L40: PT- | M40: PT- | N40: PT- | O40: PT-
A41: cauliflower | B41: Cauliflower | C41: =CONCATENATE(A41,B41) -> cauliflowerCauliflower | M41: Starting Now | N41: Prime Time | O41: Last Chance | P41: Virginia Seasonal Food Guide
A42: cauliflower | B42: Cauliflower | C42: =CONCATENATE(A42,B42) -> cauliflowerCauliflower | M42: x | N42: x | O42: x | P42: https://vagrown.vdacs.virginia.gov/whats-in-season
B43: Cauliflower | C43: =CONCATENATE(A43,B43) -> Cauliflower | M43: SN | N43: PT | O43: LC
A44: celery-root | B44: Celeriac | C44: =CONCATENATE(A44,B44) -> celery-rootCeleriac | D44: Last Chance | M44: Starting Now | N44: Prime Time | O44: Prime Time | P44: Virginia Seasonal Food Guide
A45: celery-root | B45: Celeriac | C45: =CONCATENATE(A45,B45) -> celery-rootCeleriac | D45: x | M45: x | N45: x | O45: x | P45: https://vagrown.vdacs.virginia.gov/whats-in-season
B46: Celeriac | C46: =CONCATENATE(A46,B46) -> Celeriac | D46: LC | M46: SN | N46: PT | O46: PT
A47: celery | B47: Celery | C47: =CONCATENATE(A47,B47) -> celeryCelery | L47: Starting Now | M47: Prime Time | N47: Last Chance | P47: Virginia Seasonal Food Guide
A48: celery | B48: Celery | C48: =CONCATENATE(A48,B48) -> celeryCelery | L48: x | M48: x | N48: x | P48: https://vagrown.vdacs.virginia.gov/whats-in-season
B49: Celery | C49: =CONCATENATE(A49,B49) -> Celery | L49: SN | M49: PT | N49: LC
A50: chard | B50: Chard | C50: =CONCATENATE(A50,B50) -> chardChard | F50: Starting Now | G50: Prime Time | H50: Prime Time | I50: Prime Time | J50: Prime Time | K50: Prime Time | L50: Prime Time | M50: Prime Time | N50: Prime Time | O50: Last Chance | P50: Virginia Seasonal Food Guide
B51: Chard | C51: =CONCATENATE(A51,B51) -> Chard | F51: SN- | G51: PT- | H51: PT- | I51: PT- | J51: PT- | K51: PT- | L51: PT- | M51: PT- | N51: PT- | O51: LC-
A52: cherries | B52: Cherry | C52: =CONCATENATE(A52,B52) -> cherriesCherry | H52: Starting Now | I52: Prime Time | J52: Prime Time | K52: Last Chance | P52: Virginia Seasonal Food Guide
A53: cherries | B53: Cherry | C53: =CONCATENATE(A53,B53) -> cherriesCherry | H53: x | I53: x | J53: x | K53: x | P53: https://vagrown.vdacs.virginia.gov/whats-in-season
B54: Cherry | C54: =CONCATENATE(A54,B54) -> Cherry | H54: SN | I54: PT | J54: PT | K54: LC
A55: chicories | B55: Chicory | C55: =CONCATENATE(A55,B55) -> chicoriesChicory | M55: Starting Now | N55: Prime Time | O55: Last Chance | P55: Virginia Seasonal Food Guide
B56: Chicory | C56: =CONCATENATE(A56,B56) -> Chicory | M56: SN- | N56: PT- | O56: LC-
A57: collard-greens | B57: Collard greens | C57: =CONCATENATE(A57,B57) -> collard-greensCollard greens | F57: Starting Now | G57: Prime Time | H57: Prime Time | I57: Last Chance | M57: Starting Now | N57: Prime Time | O57: Last Chance | P57: Virginia Seasonal Food Guide
B58: Collard greens | C58: =CONCATENATE(A58,B58) -> Collard greens | F58: SN- | G58: PT- | H58: PT- | I58: LC- | M58: SN- | N58: PT- | O58: LC-
A59: corn | B59: Corn | C59: =CONCATENATE(A59,B59) -> cornCorn | J59: Starting Now | K59: Last Chance | P59: Virginia Seasonal Food Guide
A60: Sweet Corn | B60: Corn | C60: =CONCATENATE(A60,B60) -> Sweet CornCorn | J60: Starting Now | K60: Last Chance | P60: Virginia State Source https://www.vdacs.virginia.gov/pdf/producechart.pdf
B61: Corn | C61: =CONCATENATE(A61,B61) -> Corn | J61: SN | K61: LC
A62: cucumbers | B62: Cucumber | C62: =CONCATENATE(A62,B62) -> cucumbersCucumber | I62: Starting Now | J62: Prime Time | K62: Prime Time | L62: Prime Time | M62: Last Chance | P62: Virginia Seasonal Food Guide
A63: Cucumbers | B63: Cucumber | C63: =CONCATENATE(A63,B63) -> CucumbersCucumber | I63: Starting Now | J63: Prime Time | K63: Prime Time | L63: Prime Time | M63: Last Chance | P63: Virginia State Source https://www.vdacs.virginia.gov/pdf/producechart.pdf
B64: Cucumber | C64: =CONCATENATE(A64,B64) -> Cucumber | I64: SN | J64: PT | K64: PT | L64: PT | M64: LC-
A65: endive | B65: Endive | C65: =CONCATENATE(A65,B65) -> endiveEndive | M65: Starting Now | N65: Prime Time | O65: Last Chance | P65: Virginia Seasonal Food Guide
B66: Endive | C66: =CONCATENATE(A66,B66) -> Endive | M66: SN- | N66: PT- | O66: LC-
A67: fennel | B67: Fennel | C67: =CONCATENATE(A67,B67) -> fennelFennel | D67: Prime Time | E67: Prime Time | F67: Prime Time | G67: Last Chance | K67: Starting Now | L67: Prime Time | M67: Prime Time | N67: Prime Time | O67: Prime Time | P67: Virginia Seasonal Food Guide
B68: Fennel | C68: =CONCATENATE(A68,B68) -> Fennel | D68: PT- | E68: PT- | F68: PT- | G68: LC- | K68: SN- | L68: PT- | M68: PT- | N68: PT- | O68: PT-
A69: gooseberries | B69: Gooseberry | C69: =CONCATENATE(A69,B69) -> gooseberriesGooseberry | J69: Starting Now | K69: Last Chance | P69: Virginia Seasonal Food Guide
B70: Gooseberry | C70: =CONCATENATE(A70,B70) -> Gooseberry | J70: SN- | K70: LC-
A71: grapes | B71: Grapes | C71: =CONCATENATE(A71,B71) -> grapesGrapes | K71: Starting Now | L71: Prime Time | M71: Last Chance | P71: Virginia Seasonal Food Guide
A72: Grapes | B72: Grapes | C72: =CONCATENATE(A72,B72) -> GrapesGrapes | K72: Starting Now | L72: Prime Time | M72: Last Chance | P72: Virginia State Source https://www.vdacs.virginia.gov/pdf/producechart.pdf
B73: Grapes | C73: =CONCATENATE(A73,B73) -> Grapes | K73: SN | L73: PT | M73: LC
A74: green-beans | B74: Green bean | C74: =CONCATENATE(A74,B74) -> green-beansGreen bean | I74: Starting Now | J74: Prime Time | K74: Prime Time | L74: Prime Time | M74: Last Chance | P74: Virginia Seasonal Food Guide
A75: snap-peas | B75: Green bean | C75: =CONCATENATE(A75,B75) -> snap-peasGreen bean | I75: Starting Now | J75: Prime Time | K75: Last Chance | P75: Virginia Seasonal Food Guide
A76: Green Beans | B76: Green bean | C76: =CONCATENATE(A76,B76) -> Green BeansGreen bean | I76: Starting Now | J76: Prime Time | K76: Prime Time | L76: Prime Time | M76: Last Chance | P76: Virginia State Source https://www.vdacs.virginia.gov/pdf/producechart.pdf
B77: Green bean | C77: =CONCATENATE(A77,B77) -> Green bean | I77: SN | J77: PT | K77: PT | L77: PT* | M77: LC*
A78: green-onions | B78: Green onion | C78: =CONCATENATE(A78,B78) -> green-onionsGreen onion | F78: Starting Now | G78: Prime Time | H78: Prime Time | I78: Prime Time | J78: Prime Time | K78: Prime Time | L78: Prime Time | M78: Prime Time | N78: Last Chance | P78: Virginia Seasonal Food Guide
B79: Green onion | C79: =CONCATENATE(A79,B79) -> Green onion | F79: SN- | G79: PT- | H79: PT- | I79: PT- | J79: PT- | K79: PT- | L79: PT- | M79: PT- | N79: LC-
A80: horseradish | B80: Horseradish | C80: =CONCATENATE(A80,B80) -> horseradishHorseradish | D80: Prime Time | E80: Prime Time | F80: Prime Time | G80: Last Chance | M80: Starting Now | N80: Prime Time | O80: Prime Time | P80: Virginia Seasonal Food Guide
B81: Horseradish | C81: =CONCATENATE(A81,B81) -> Horseradish | D81: PT- | E81: PT- | F81: PT- | G81: LC- | M81: SN- | N81: PT- | O81: PT-
A82: sunchokes | B82: Jerusalem artichoke | C82: =CONCATENATE(A82,B82) -> sunchokesJerusalem artichoke | D82: Starting Now | E82: Last Chance | I82: Starting Now | J82: Last Chance | P82: Virginia Seasonal Food Guide
B83: Jerusalem artichoke | C83: =CONCATENATE(A83,B83) -> Jerusalem artichoke | D83: SN- | E83: LC- | I83: SN- | J83: LC-
A84: kale | B84: Kale | C84: =CONCATENATE(A84,B84) -> kaleKale | F84: Starting Now | G84: Prime Time | H84: Prime Time | I84: Prime Time | J84: Prime Time | K84: Prime Time | L84: Prime Time | M84: Prime Time | N84: Prime Time | O84: Last Chance | P84: Virginia Seasonal Food Guide
B85: Kale | C85: =CONCATENATE(A85,B85) -> Kale | F85: SN- | G85: PT- | H85: PT- | I85: PT- | J85: PT- | K85: PT- | L85: PT- | M85: PT- | N85: PT- | O85: LC-
A86: kohlrabi | B86: Kohlrabi | C86: =CONCATENATE(A86,B86) -> kohlrabiKohlrabi | D86: Prime Time | E86: Prime Time | F86: Last Chance | M86: Starting Now | N86: Prime Time | O86: Prime Time | P86: Virginia Seasonal Food Guide
B87: Kohlrabi | C87: =CONCATENATE(A87,B87) -> Kohlrabi | D87: PT- | E87: PT- | F87: LC- | M87: SN- | N87: PT- | O87: PT-
A88: leeks | B88: Leek | C88: =CONCATENATE(A88,B88) -> leeksLeek | D88: Prime Time | E88: Prime Time | F88: Prime Time | G88: Prime Time | H88: Prime Time | I88: Prime Time | J88: Prime Time | K88: Prime Time | L88: Prime Time | M88: Prime Time | N88: Prime Time | O88: Prime Time | P88: Virginia Seasonal Food Guide
B89: Leek | C89: =CONCATENATE(A89,B89) -> Leek | D89: PT- | E89: PT- | F89: PT- | G89: PT- | H89: PT- | I89: PT- | J89: PT- | K89: PT- | L89: PT- | M89: PT- | N89: PT- | O89: PT-
A90: lettuce | B90: Lettuce | C90: =CONCATENATE(A90,B90) -> lettuceLettuce | D90: Prime Time | E90: Prime Time | F90: Prime Time | G90: Prime Time | H90: Prime Time | I90: Prime Time | J90: Prime Time | K90: Prime Time | L90: Prime Time | M90: Prime Time | N90: Prime Time | O90: Prime Time | P90: Virginia Seasonal Food Guide
A91: lettuce | B91: Lettuce | C91: =CONCATENATE(A91,B91) -> lettuceLettuce | D91: x | E91: x | F91: x | G91: x | H91: x | I91: x | J91: x | K91: x | L91: x | M91: x | N91: x | O91: x | P91: https://vagrown.vdacs.virginia.gov/whats-in-season
B92: Lettuce | C92: =CONCATENATE(A92,B92) -> Lettuce | D92: PT | E92: PT | F92: PT | G92: PT | H92: PT | I92: PT | J92: PT | K92: PT | L92: PT | M92: PT | N92: PT | O92: PT
A93: cantaloupe | B93: Melon | C93: =CONCATENATE(A93,B93) -> cantaloupeMelon | J93: Starting Now | K93: Last Chance | P93: Virginia Seasonal Food Guide
A94: melons | B94: Melon | C94: =CONCATENATE(A94,B94) -> melonsMelon | I94: Starting Now | J94: Prime Time | K94: Last Chance | P94: Virginia Seasonal Food Guide
A95: Cantaloupes | B95: Melon | C95: =CONCATENATE(A95,B95) -> CantaloupesMelon | J95: Starting Now | K95: Last Chance | P95: Virginia State Source https://www.vdacs.virginia.gov/pdf/producechart.pdf
B96: Melon | C96: =CONCATENATE(A96,B96) -> Melon | I96: * | J96: SN | K96: LC
A97: nectarines | B97: Nectarine | C97: =CONCATENATE(A97,B97) -> nectarinesNectarine | J97: Starting Now | K97: Last Chance | P97: Virginia Seasonal Food Guide
A98: Nectarines | B98: Nectarine | C98: =CONCATENATE(A98,B98) -> NectarinesNectarine | J98: Starting Now | K98: Last Chance | P98: Virginia State Source https://www.vdacs.virginia.gov/pdf/producechart.pdf
B99: Nectarine | C99: =CONCATENATE(A99,B99) -> Nectarine | J99: SN | K99: LC
A100: okra | B100: Okra | C100: =CONCATENATE(A100,B100) -> okraOkra | K100: Prime Time | P100: Virginia Seasonal Food Guide
...

Sheet West-Virginia V
A1: vegetable | B1: Fork Ranger name | C1: helpcolumn | D1: January | E1: February | F1: March | G1: April | H1: May | I1: June | J1: July | K1: August | L1: September | M1: October | N1: November | O1: December
A2: apricots | B2: Abricot | C2: =CONCATENATE(A2,B2) -> apricotsAbricot | J2: Starting Now | K2: Last Chance | P2: West-Virginia Seasonal Food Guide
B3: Abricot | C3: =CONCATENATE(A3,B3) -> Abricot | J3: SN- | K3: LC-
A4: apples | B4: Apple | C4: =CONCATENATE(A4,B4) -> applesApple | L4: Starting Now | M4: Last Chance | P4: West-Virginia Seasonal Food Guide
A5: apples | B5: Apple | C5: =CONCATENATE(A5,B5) -> applesApple | J5: x | K5: x | L5: x | M5: x | P5: Farm Flavor West-Virginia
B6: Apple | C6: =CONCATENATE(A6,B6) -> Apple | J6: * | K6: SN* | L6: PT | M6: LC
B7: Artichoke | C7: =CONCATENATE(A7,B7) -> Artichoke
A8: asian-pears | B8: Asian pears | C8: =CONCATENATE(A8,B8) -> asian-pearsAsian pears | K8: Starting Now | L8: Prime Time | M8: Last Chance | P8: West-Virginia Seasonal Food Guide
B9: Asian pears | C9: =CONCATENATE(A9,B9) -> Asian pears | K9: SN- | L9: PT- | M9: LC-
A10: asparagus | B10: Asparagus | C10: =CONCATENATE(A10,B10) -> asparagusAsparagus | H10: Starting Now | I10: Last Chance | P10: West-Virginia Seasonal Food Guide
B11: Asparagus | C11: =CONCATENATE(A11,B11) -> Asparagus | H11: SN- | I11: LC-
A12: eggplant | B12: Aubergine | C12: =CONCATENATE(A12,B12) -> eggplantAubergine | K12: Starting Now | L12: Prime Time | M12: Last Chance | P12: West-Virginia Seasonal Food Guide
A13: eggplant | B13: Aubergine | C13: =CONCATENATE(A13,B13) -> eggplantAubergine | J13: x | K13: x | L13: x | M13: x | P13: Farm Flavor West-Virginia
B14: Aubergine | C14: =CONCATENATE(A14,B14) -> Aubergine | J14: SN* | K14: PT | L14: PT | M14: LC
B15: Avocado | C15: =CONCATENATE(A15,B15) -> Avocado
A16: beets | B16: Beetroot | C16: =CONCATENATE(A16,B16) -> beetsBeetroot | K16: Starting Now | L16: Prime Time | M16: Last Chance | P16: West-Virginia Seasonal Food Guide
A17: beets | B17: Beetroot | C17: =CONCATENATE(A17,B17) -> beetsBeetroot | H17: x | I17: x | J17: x | K17: x | L17: x | M17: x | P17: Farm Flavor West-Virginia
B18: Beetroot | C18: =CONCATENATE(A18,B18) -> Beetroot | H18: * | I18: * | J18: SN* | K18: PT | L18: PT | M18: LC
A19: peppers | B19: Bell pepper | C19: =CONCATENATE(A19,B19) -> peppersBell pepper | J19: Starting Now | K19: Prime Time | L19: Prime Time | M19: Last Chance | P19: West-Virginia Seasonal Food Guide
A20: peppers | B20: Bell pepper | C20: =CONCATENATE(A20,B20) -> peppersBell pepper | I20: x | J20: x | K20: x | L20: x | P20: Farm Flavor West-Virginia
B21: Bell pepper | C21: =CONCATENATE(A21,B21) -> Bell pepper | I21: SN* | J21: PT | K21: PT | L21: PT | M21: LC*
A22: blackberries | B22: Blackberry | C22: =CONCATENATE(A22,B22) -> blackberriesBlackberry | J22: Starting Now | K22: Last Chance | P22: West-Virginia Seasonal Food Guide
A23: brambles | B23: Blackberry | C23: =CONCATENATE(A23,B23) -> bramblesBlackberry | J23: Starting Now | K23: Last Chance | P23: West-Virginia Seasonal Food Guide
A24: blackberries | B24: Blackberry | C24: =CONCATENATE(A24,B24) -> blackberriesBlackberry | J24: x | K24: x | P24: Farm Flavor West-Virginia
B25: Blackberry | C25: =CONCATENATE(A25,B25) -> Blackberry | J25: SN | K25: LC
A26: blueberries | B26: Blueberry | C26: =CONCATENATE(A26,B26) -> blueberriesBlueberry | J26: Starting Now | K26: Last Chance | P26: West-Virginia Seasonal Food Guide
A27: blueberries | B27: Blueberry | C27: =CONCATENATE(A27,B27) -> blueberriesBlueberry | J27: x | K27: x | P27: Farm Flavor West-Virginia
B28: Blueberry | C28: =CONCATENATE(A28,B28) -> Blueberry | J28: SN- | K28: LC-
A29: bok-choy | B29: Bok choy | C29: =CONCATENATE(A29,B29) -> bok-choyBok choy | K29: Prime Time | P29: West-Virginia Seasonal Food Guide
B30: Bok choy | C30: =CONCATENATE(A30,B30) -> Bok choy | K30: PT-
A31: boysenberries | B31: Boysenberry | C31: =CONCATENATE(A31,B31) -> boysenberriesBoysenberry | I31: Starting Now | J31: Last Chance | P31: West-Virginia Seasonal Food Guide
B32: Boysenberry | C32: =CONCATENATE(A32,B32) -> Boysenberry | I32: SN- | J32: LC-
B33: Broad beans | C33: =CONCATENATE(A33,B33) -> Broad beans
A34: broccoli | B34: Broccoli | C34: =CONCATENATE(A34,B34) -> broccoliBroccoli | I34: Starting Now | J34: Last Chance | P34: West-Virginia Seasonal Food Guide
A35: broccoli | B35: Broccoli | C35: =CONCATENATE(A35,B35) -> broccoliBroccoli | I35: x | J35: x | K35: x | L35: x | M35: x | P35: Farm Flavor West-Virginia
B36: Broccoli | C36: =CONCATENATE(A36,B36) -> Broccoli | I36: SN | J36: PT | K36: PT* | L36: PT* | M36: LC*
A37: brussels-sprouts | B37: Brussels sprouts | C37: =CONCATENATE(A37,B37) -> brussels-sproutsBrussels sprouts | L37: Starting Now | M37: Last Chance | P37: West-Virginia Seasonal Food Guide
B38: Brussels sprouts | C38: =CONCATENATE(A38,B38) -> Brussels sprouts | L38: SN- | M38: LC-
A39: cantaloupe | B39: Cantaloupe | C39: =CONCATENATE(A39,B39) -> cantaloupeCantaloupe | K39: Starting Now | L39: Prime Time | M39: Last Chance | P39: West-Virginia Seasonal Food Guide
A40: cantaloupe | B40: Cantaloupe | C40: =CONCATENATE(A40,B40) -> cantaloupeCantaloupe | K40: x | L40: x | P40: Farm Flavor West-Virginia
B41: Cantaloupe | C41: =CONCATENATE(A41,B41) -> Cantaloupe | K41: SN | L41: PT | M41: LC*
A42: cardoons | B42: Cardoons | C42: =CONCATENATE(A42,B42) -> cardoonsCardoons | M42: Starting Now | N42: Prime Time | O42: Last Chance | P42: West-Virginia Seasonal Food Guide
B43: Cardoons | C43: =CONCATENATE(A43,B43) -> Cardoons | M43: SN- | N43: PT- | O43: LC-
A44: carrots | B44: Carrot | C44: =CONCATENATE(A44,B44) -> carrotsCarrot | J44: Starting Now | K44: Prime Time | L44: Prime Time | M44: Last Chance | P44: West-Virginia Seasonal Food Guide
A45: carrots | B45: Carrot | C45: =CONCATENATE(A45,B45) -> carrotsCarrot | H45: x | I45: x | J45: x | K45: x | L45: x | M45: x | N45: x | P45: Farm Flavor West-Virginia
B46: Carrot | C46: =CONCATENATE(A46,B46) -> Carrot | H46: * | I46: SN* | J46: PT | K46: PT | L46: PT | M46: PT | N46: LC*
A47: cauliflower | B47: Cauliflower | C47: =CONCATENATE(A47,B47) -> cauliflowerCauliflower | K47: Starting Now | L47: Last Chance | P47: West-Virginia Seasonal Food Guide
A48: cauliflower | B48: Cauliflower | C48: =CONCATENATE(A48,B48) -> cauliflowerCauliflower | K48: x | L48: x | M48: x | P48: Farm Flavor West-Virginia
B49: Cauliflower | C49: =CONCATENATE(A49,B49) -> Cauliflower | K49: SN | L49: PT | M49: LC*
A50: celery-root | B50: Celeriac | C50: =CONCATENATE(A50,B50) -> celery-rootCeleriac | K50: Starting Now | L50: Prime Time | M50: Last Chance | P50: West-Virginia Seasonal Food Guide
B51: Celeriac | C51: =CONCATENATE(A51,B51) -> Celeriac | K51: SN- | L51: PT- | M51: LC-
A52: celery | B52: Celery | C52: =CONCATENATE(A52,B52) -> celeryCelery | J52: Starting Now | K52: Prime Time | L52: Prime Time | M52: Last Chance | P52: West-Virginia Seasonal Food Guide
A53: celery | B53: Celery | C53: =CONCATENATE(A53,B53) -> celeryCelery | K53: x | L53: x | M53: x | P53: Farm Flavor West-Virginia
B54: Celery | C54: =CONCATENATE(A54,B54) -> Celery | J54: SN* | K54: PT | L54: PT | M54: LC
A55: chard | B55: Chard | C55: =CONCATENATE(A55,B55) -> chardChard | I55: Starting Now | J55: Prime Time | K55: Prime Time | L55: Last Chance | P55: West-Virginia Seasonal Food Guide
B56: Chard | C56: =CONCATENATE(A56,B56) -> Chard | I56: SN- | J56: PT- | K56: PT- | L56: LC-
A57: cherries | B57: Cherry | C57: =CONCATENATE(A57,B57) -> cherriesCherry | I57: Starting Now | J57: Last Chance | P57: West-Virginia Seasonal Food Guide
A58: cherries | B58: Cherry | C58: =CONCATENATE(A58,B58) -> cherriesCherry | I58: x | J58: x | P58: Farm Flavor West-Virginia
B59: Cherry | C59: =CONCATENATE(A59,B59) -> Cherry | I59: SN | J59: LC
A60: chicories | B60: Chicory | C60: =CONCATENATE(A60,B60) -> chicoriesChicory | L60: Starting Now | M60: Prime Time | N60: Last Chance | P60: West-Virginia Seasonal Food Guide
B61: Chicory | C61: =CONCATENATE(A61,B61) -> Chicory | L61: SN- | M61: PT- | N61: LC-
B62: Chinese Cabbage | C62: =CONCATENATE(A62,B62) -> Chinese Cabbage
A63: collard-greens | B63: Collard greens | C63: =CONCATENATE(A63,B63) -> collard-greensCollard greens | I63: Starting Now | J63: Prime Time | K63: Prime Time | L63: Prime Time | M63: Last Chance | P63: West-Virginia Seasonal Food Guide
B64: Collard greens | C64: =CONCATENATE(A64,B64) -> Collard greens | I64: SN- | J64: PT- | K64: PT- | L64: PT- | M64: LC-
A65: corn | B65: Corn | C65: =CONCATENATE(A65,B65) -> cornCorn | J65: Starting Now | K65: Prime Time | L65: Last Chance | P65: West-Virginia Seasonal Food Guide
A66: corn | B66: Corn | C66: =CONCATENATE(A66,B66) -> cornCorn | J66: x | K66: x | P66: Farm Flavor West-Virginia
B67: Corn | C67: =CONCATENATE(A67,B67) -> Corn | J67: SN | K67: PT | L67: LC*
A68: cucumbers | B68: Cucumber | C68: =CONCATENATE(A68,B68) -> cucumbersCucumber | I68: Starting Now | J68: Prime Time | K68: Prime Time | L68: Last Chance | P68: West-Virginia Seasonal Food Guide
A69: cucumbers | B69: Cucumber | C69: =CONCATENATE(A69,B69) -> cucumbersCucumber | I69: x | J69: x | K69: x | L69: x | M69: x | P69: Farm Flavor West-Virginia
B70: Cucumber | C70: =CONCATENATE(A70,B70) -> Cucumber | I70: SN | J70: PT | K70: PT | L70: PT | M70: LC*
A71: endive | B71: Endive | C71: =CONCATENATE(A71,B71) -> endiveEndive | L71: Starting Now | M71: Prime Time | N71: Last Chance | P71: West-Virginia Seasonal Food Guide
B72: Endive | C72: =CONCATENATE(A72,B72) -> Endive | L72: SN- | M72: PT- | N72: LC-
B73: Fennel | C73: =CONCATENATE(A73,B73) -> Fennel
B74: Fig | C74: =CONCATENATE(A74,B74) -> Fig
A75: gooseberries | B75: Gooseberry | C75: =CONCATENATE(A75,B75) -> gooseberriesGooseberry | J75: Starting Now | K75: Last Chance | P75: West-Virginia Seasonal Food Guide
B76: Gooseberry | C76: =CONCATENATE(A76,B76) -> Gooseberry | J76: SN- | K76: LC-
B77: Grapefruit | C77: =CONCATENATE(A77,B77) -> Grapefruit
A78: grapes | B78: Grapes | C78: =CONCATENATE(A78,B78) -> grapesGrapes | K78: Starting Now | L78: Last Chance | P78: West-Virginia Seasonal Food Guide
A79: grapes | B79: Grapes | C79: =CONCATENATE(A79,B79) -> grapesGrapes | K79: x | L79: x | P79: Farm Flavor West-Virginia
B80: Grapes | C80: =CONCATENATE(A80,B80) -> Grapes | K80: SN | L80: LC
A81: green-beans | B81: Green bean | C81: =CONCATENATE(A81,B81) -> green-beansGreen bean | K81: Starting Now | L81: Last Chance | P81: West-Virginia Seasonal Food Guide
A82: shell-beans | B82: Green bean | C82: =CONCATENATE(A82,B82) -> shell-beansGreen bean | L82: Starting Now | M82: Last Chance | P82: West-Virginia Seasonal Food Guide
A83: green-beans | B83: Green bean | C83: =CONCATENATE(A83,B83) -> green-beansGreen bean | J83: x | K83: x | L83: x | P83: Farm Flavor West-Virginia
B84: Green bean | C84: =CONCATENATE(A84,B84) -> Green bean | J84: SN* | K84: PT* | L84: PT | M84: LC*
A85: green-onions | B85: Green onion | C85: =CONCATENATE(A85,B85) -> green-onionsGreen onion | I85: Starting Now | J85: Prime Time | K85: Prime Time | L85: Last Chance | P85: West-Virginia Seasonal Food Guide
B86: Green onion | C86: =CONCATENATE(A86,B86) -> Green onion | I86: SN- | J86: PT- | K86: PT- | L86: LC-
A87: horseradish | B87: Horseradish | C87: =CONCATENATE(A87,B87) -> horseradishHorseradish | D87: Prime Time | E87: Prime Time | F87: Prime Time | G87: Last Chance | M87: Starting Now | N87: Prime Time | O87: Prime Time | P87: West-Virginia Seasonal Food Guide
B88: Horseradish | C88: =CONCATENATE(A88,B88) -> Horseradish | D88: PT- | E88: PT- | F88: PT- | G88: LC- | M88: SN- | N88: PT- | O88: PT-
A89: sunchokes | B89: Jerusalem artichoke | C89: =CONCATENATE(A89,B89) -> sunchokesJerusalem artichoke | J89: Prime Time | P89: West-Virginia Seasonal Food Guide
B90: Jerusalem artichoke | C90: =CONCATENATE(A90,B90) -> Jerusalem artichoke | J90: PT-
A91: kale | B91: Kale | C91: =CONCATENATE(A91,B91) -> kaleKale | H91: Starting Now | I91: Prime Time | J91: Prime Time | K91: Prime Time | L91: Prime Time | M91: Last Chance | P91: West-Virginia Seasonal Food Guide
B92: Kale | C92: =CONCATENATE(A92,B92) -> Kale | H92: SN- | I92: PT- | J92: PT- | K92: PT- | L92: PT- | M92: LC-
B93: Kiwi | C93: =CONCATENATE(A93,B93) -> Kiwi
A94: kohlrabi | B94: Kohlrabi | C94: =CONCATENATE(A94,B94) -> kohlrabiKohlrabi | I94: Starting Now | J94: Last Chance | L94: Starting Now | M94: Last Chance | P94: West-Virginia Seasonal Food Guide
B95: Kohlrabi | C95: =CONCATENATE(A95,B95) -> Kohlrabi | I95: SN- | J95: LC- | L95: SN- | M95: LC-
A96: leeks | B96: Leek | C96: =CONCATENATE(A96,B96) -> leeksLeek | K96: Starting Now | L96: Prime Time | M96: Last Chance | P96: West-Virginia Seasonal Food Guide
B97: Leek | C97: =CONCATENATE(A97,B97) -> Leek | K97: SN- | L97: PT- | M97: LC-
A98: lettuce | B98: Lettuce | C98: =CONCATENATE(A98,B98) -> lettuceLettuce | H98: Starting Now | I98: Prime Time | J98: Prime Time | K98: Prime Time | L98: Prime Time | M98: Last Chance | P98: West-Virginia Seasonal Food Guide
A99: lettuce | B99: Lettuce | C99: =CONCATENATE(A99,B99) -> lettuceLettuce | H99: x | I99: x | J99: x | K99: x | L99: x | M99: x | P99: Farm Flavor West-Virginia
B100: Lettuce | C100: =CONCATENATE(A100,B100) -> Lettuce | H100: SN | I100: PT | J100: PT | K100: PT | L100: PT | M100: LC
...

Sheet South-East
C1: 1 | D1: 2 | E1: 3 | F1: 4 | G1: 5 | H1: 6 | I1: 7 | J1: 8 | K1: 9 | L1: 10 | M1: 11 | N1: 12
A2: Abricot | B2: #VALUE! | C2: =VLOOKUP('South-East'!$A2,'Alabama V'!$C:$O,C$1+1,FALSE) -> 0 | D2: =VLOOKUP('South-East'!$A2,'Alabama V'!$C:$O,D$1+1,FALSE) -> 0 | E2: =VLOOKUP('South-East'!$A2,'Alabama V'!$C:$O,E$1+1,FALSE) -> 0 | F2: =VLOOKUP('South-East'!$A2,'Alabama V'!$C:$O,F$1+1,FALSE) -> 0 | G2: =VLOOKUP('South-East'!$A2,'Alabama V'!$C:$O,G$1+1,FALSE) -> 0 | H2: =VLOOKUP('South-East'!$A2,'Alabama V'!$C:$O,H$1+1,FALSE) -> 0 | I2: =VLOOKUP('South-East'!$A2,'Alabama V'!$C:$O,I$1+1,FALSE) -> 0 | J2: =VLOOKUP('South-East'!$A2,'Alabama V'!$C:$O,J$1+1,FALSE) -> 0 | ... N2: =VLOOKUP('South-East'!$A2,'Alabama V'!$C:$O,N$1+1,FALSE) -> 0 | O2: If we would group them, then no abricots (90% in California: https://www.ers.usda.gov/data-products/charts-of-note/chart-detail?chartId=108213)
A3: Abricot | B3: #VALUE! | C3: =VLOOKUP('South-East'!$A2,'Georgia V'!$C:$O,C$1+1,FALSE) -> #N/A | D3: =VLOOKUP('South-East'!$A2,'Georgia V'!$C:$O,D$1+1,FALSE) -> #N/A | E3: =VLOOKUP('South-East'!$A2,'Georgia V'!$C:$O,E$1+1,FALSE) -> #N/A | F3: =VLOOKUP('South-East'!$A2,'Georgia V'!$C:$O,F$1+1,FALSE) -> #N/A | G3: =VLOOKUP('South-East'!$A2,'Georgia V'!$C:$O,G$1+1,FALSE) -> #N/A | H3: =VLOOKUP('South-East'!$A2,'Georgia V'!$C:$O,H$1+1,FALSE) -> #N/A | I3: =VLOOKUP('South-East'!$A2,'Georgia V'!$C:$O,I$1+1,FALSE) -> #N/A | J3: =VLOOKUP('South-East'!$A2,'Georgia V'!$C:$O,J$1+1,FALSE) -> #N/A | ... N3: =VLOOKUP('South-East'!$A2,'Georgia V'!$C:$O,N$1+1,FALSE) -> #N/A
A4: Abricot | B4: #VALUE! | C4: =VLOOKUP('South-East'!$A2,'Mississippi V'!$C:$O,C$1+1,FALSE) -> #N/A | D4: =VLOOKUP('South-East'!$A2,'Mississippi V'!$C:$O,D$1+1,FALSE) -> #N/A | E4: =VLOOKUP('South-East'!$A2,'Mississippi V'!$C:$O,E$1+1,FALSE) -> #N/A | F4: =VLOOKUP('South-East'!$A2,'Mississippi V'!$C:$O,F$1+1,FALSE) -> #N/A | G4: =VLOOKUP('South-East'!$A2,'Mississippi V'!$C:$O,G$1+1,FALSE) -> #N/A | H4: =VLOOKUP('South-East'!$A2,'Mississippi V'!$C:$O,H$1+1,FALSE) -> #N/A | I4: =VLOOKUP('South-East'!$A2,'Mississippi V'!$C:$O,I$1+1,FALSE) -> #N/A | J4: =VLOOKUP('South-East'!$A2,'Mississippi V'!$C:$O,J$1+1,FALSE) -> #N/A | ... N4: =VLOOKUP('South-East'!$A2,'Mississippi V'!$C:$O,N$1+1,FALSE) -> #N/A
A5: Abricot | B5: #VALUE! | C5: =VLOOKUP('South-East'!$A2,'North Carolina V'!$C:$O,C$1+1,FALSE) -> #N/A | D5: =VLOOKUP('South-East'!$A2,'North Carolina V'!$C:$O,D$1+1,FALSE) -> #N/A | E5: =VLOOKUP('South-East'!$A2,'North Carolina V'!$C:$O,E$1+1,FALSE) -> #N/A | F5: =VLOOKUP('South-East'!$A2,'North Carolina V'!$C:$O,F$1+1,FALSE) -> #N/A | G5: =VLOOKUP('South-East'!$A2,'North Carolina V'!$C:$O,G$1+1,FALSE) -> #N/A | H5: =VLOOKUP('South-East'!$A2,'North Carolina V'!$C:$O,H$1+1,FALSE) -> #N/A | I5: =VLOOKUP('South-East'!$A2,'North Carolina V'!$C:$O,I$1+1,FALSE) -> #N/A | J5: =VLOOKUP('South-East'!$A2,'North Carolina V'!$C:$O,J$1+1,FALSE) -> #N/A | ... N5: =VLOOKUP('South-East'!$A2,'North Carolina V'!$C:$O,N$1+1,FALSE) -> #N/A
A6: Abricot | B6: #VALUE! | C6: =VLOOKUP('South-East'!$A2,'South Carolina V'!$C:$O,C$1+1,FALSE) -> 0 | D6: =VLOOKUP('South-East'!$A2,'South Carolina V'!$C:$O,D$1+1,FALSE) -> 0 | E6: =VLOOKUP('South-East'!$A2,'South Carolina V'!$C:$O,E$1+1,FALSE) -> 0 | F6: =VLOOKUP('South-East'!$A2,'South Carolina V'!$C:$O,F$1+1,FALSE) -> 0 | G6: =VLOOKUP('South-East'!$A2,'South Carolina V'!$C:$O,G$1+1,FALSE) -> 0 | H6: =VLOOKUP('South-East'!$A2,'South Carolina V'!$C:$O,H$1+1,FALSE) -> 0 | I6: =VLOOKUP('South-East'!$A2,'South Carolina V'!$C:$O,I$1+1,FALSE) -> 0 | J6: =VLOOKUP('South-East'!$A2,'South Carolina V'!$C:$O,J$1+1,FALSE) -> 0 | ... N6: =VLOOKUP('South-East'!$A2,'South Carolina V'!$C:$O,N$1+1,FALSE) -> 0
A7: Abricot | B7: #VALUE! | C7: =VLOOKUP('South-East'!$A2,'Tennessee V'!$C:$O,C$1+1,FALSE) -> 0 | D7: =VLOOKUP('South-East'!$A2,'Tennessee V'!$C:$O,D$1+1,FALSE) -> 0 | E7: =VLOOKUP('South-East'!$A2,'Tennessee V'!$C:$O,E$1+1,FALSE) -> 0 | F7: =VLOOKUP('South-East'!$A2,'Tennessee V'!$C:$O,F$1+1,FALSE) -> 0 | G7: =VLOOKUP('South-East'!$A2,'Tennessee V'!$C:$O,G$1+1,FALSE) -> 0 | H7: =VLOOKUP('South-East'!$A2,'Tennessee V'!$C:$O,H$1+1,FALSE) -> 0 | I7: =VLOOKUP('South-East'!$A2,'Tennessee V'!$C:$O,I$1+1,FALSE) -> SN- | J7: =VLOOKUP('South-East'!$A2,'Tennessee V'!$C:$O,J$1+1,FALSE) -> LC- | ... N7: =VLOOKUP('South-East'!$A2,'Tennessee V'!$C:$O,N$1+1,FALSE) -> 0 | O7: Could be available in the Appalacchian Mountains but not further south
A8: Abricot | B8: #VALUE! | C8: =VLOOKUP('South-East'!$A2,'Virginia V'!$C:$O,C$1+1,FALSE) -> #N/A | D8: =VLOOKUP('South-East'!$A2,'Virginia V'!$C:$O,D$1+1,FALSE) -> #N/A | E8: =VLOOKUP('South-East'!$A2,'Virginia V'!$C:$O,E$1+1,FALSE) -> #N/A | F8: =VLOOKUP('South-East'!$A2,'Virginia V'!$C:$O,F$1+1,FALSE) -> #N/A | G8: =VLOOKUP('South-East'!$A2,'Virginia V'!$C:$O,G$1+1,FALSE) -> #N/A | H8: =VLOOKUP('South-East'!$A2,'Virginia V'!$C:$O,H$1+1,FALSE) -> #N/A | I8: =VLOOKUP('South-East'!$A2,'Virginia V'!$C:$O,I$1+1,FALSE) -> #N/A | J8: =VLOOKUP('South-East'!$A2,'Virginia V'!$C:$O,J$1+1,FALSE) -> #N/A | ... N8: =VLOOKUP('South-East'!$A2,'Virginia V'!$C:$O,N$1+1,FALSE) -> #N/A
A9: Abricot | B9: #VALUE! | C9: =VLOOKUP('South-East'!$A2,'West-Virginia V'!$C:$O,C$1+1,FALSE) -> 0 | D9: =VLOOKUP('South-East'!$A2,'West-Virginia V'!$C:$O,D$1+1,FALSE) -> 0 | E9: =VLOOKUP('South-East'!$A2,'West-Virginia V'!$C:$O,E$1+1,FALSE) -> 0 | F9: =VLOOKUP('South-East'!$A2,'West-Virginia V'!$C:$O,F$1+1,FALSE) -> 0 | G9: =VLOOKUP('South-East'!$A2,'West-Virginia V'!$C:$O,G$1+1,FALSE) -> 0 | H9: =VLOOKUP('South-East'!$A2,'West-Virginia V'!$C:$O,H$1+1,FALSE) -> 0 | I9: =VLOOKUP('South-East'!$A2,'West-Virginia V'!$C:$O,I$1+1,FALSE) -> SN- | J9: =VLOOKUP('South-East'!$A2,'West-Virginia V'!$C:$O,J$1+1,FALSE) -> LC- | ... N9: =VLOOKUP('South-East'!$A2,'West-Virginia V'!$C:$O,N$1+1,FALSE) -> 0
A10: Abricot | B10: South-East | C10: 0 | D10: 0 | E10: 0 | F10: 0 | G10: 0 | H10: 0 | I10: 0 | J10: 0 | K10: 0 | L10: 0 | M10: 0 | N10: 0
A11: Apple | B11: #VALUE! | C11: =VLOOKUP('South-East'!$A11,'Alabama V'!$C:$O,C$1+1,FALSE) -> 0 | D11: =VLOOKUP('South-East'!$A11,'Alabama V'!$C:$O,D$1+1,FALSE) -> 0 | E11: =VLOOKUP('South-East'!$A11,'Alabama V'!$C:$O,E$1+1,FALSE) -> 0 | F11: =VLOOKUP('South-East'!$A11,'Alabama V'!$C:$O,F$1+1,FALSE) -> 0 | G11: =VLOOKUP('South-East'!$A11,'Alabama V'!$C:$O,G$1+1,FALSE) -> 0 | H11: =VLOOKUP('South-East'!$A11,'Alabama V'!$C:$O,H$1+1,FALSE) -> 0 | I11: =VLOOKUP('South-East'!$A11,'Alabama V'!$C:$O,I$1+1,FALSE) -> SN* | J11: =VLOOKUP('South-East'!$A11,'Alabama V'!$C:$O,J$1+1,FALSE) -> PT* | ... N11: =VLOOKUP('South-East'!$A11,'Alabama V'!$C:$O,N$1+1,FALSE) -> 0 | O11: Are apples also available later in Mississippi? (Here: June to October https://happyhealthy.extension.msstate.edu/fact-sheets/happyhealthy-apples-fact-sheet, https://extension.msstate.edu/publications/buy-fresh-fruits-and-vegetables-season)
A12: Apple | B12: #VALUE! | C12: =VLOOKUP('South-East'!$A11,'Georgia V'!$C:$O,C$1+1,FALSE) -> 0 | D12: =VLOOKUP('South-East'!$A11,'Georgia V'!$C:$O,D$1+1,FALSE) -> 0 | E12: =VLOOKUP('South-East'!$A11,'Georgia V'!$C:$O,E$1+1,FALSE) -> 0 | F12: =VLOOKUP('South-East'!$A11,'Georgia V'!$C:$O,F$1+1,FALSE) -> 0 | G12: =VLOOKUP('South-East'!$A11,'Georgia V'!$C:$O,G$1+1,FALSE) -> 0 | H12: =VLOOKUP('South-East'!$A11,'Georgia V'!$C:$O,H$1+1,FALSE) -> 0 | I12: =VLOOKUP('South-East'!$A11,'Georgia V'!$C:$O,I$1+1,FALSE) -> SN | J12: =VLOOKUP('South-East'!$A11,'Georgia V'!$C:$O,J$1+1,FALSE) -> PT | ... N12: =VLOOKUP('South-East'!$A11,'Georgia V'!$C:$O,N$1+1,FALSE) -> 0
A13: Apple | B13: #VALUE! | C13: =VLOOKUP('South-East'!$A11,'Mississippi V'!$C:$O,C$1+1,FALSE) -> 0 | D13: =VLOOKUP('South-East'!$A11,'Mississippi V'!$C:$O,D$1+1,FALSE) -> 0 | E13: =VLOOKUP('South-East'!$A11,'Mississippi V'!$C:$O,E$1+1,FALSE) -> 0 | F13: =VLOOKUP('South-East'!$A11,'Mississippi V'!$C:$O,F$1+1,FALSE) -> 0 | G13: =VLOOKUP('South-East'!$A11,'Mississippi V'!$C:$O,G$1+1,FALSE) -> SN | H13: =VLOOKUP('South-East'!$A11,'Mississippi V'!$C:$O,H$1+1,FALSE) -> PT | I13: =VLOOKUP('South-East'!$A11,'Mississippi V'!$C:$O,I$1+1,FALSE) -> LC | J13: =VLOOKUP('South-East'!$A11,'Mississippi V'!$C:$O,J$1+1,FALSE) -> 0 | ... N13: =VLOOKUP('South-East'!$A11,'Mississippi V'!$C:$O,N$1+1,FALSE) -> 0
A14: Apple | B14: #VALUE! | C14: =VLOOKUP('South-East'!$A11,'North Carolina V'!$C:$O,C$1+1,FALSE) -> PT | D14: =VLOOKUP('South-East'!$A11,'North Carolina V'!$C:$O,D$1+1,FALSE) -> LC | E14: =VLOOKUP('South-East'!$A11,'North Carolina V'!$C:$O,E$1+1,FALSE) -> 0 | F14: =VLOOKUP('South-East'!$A11,'North Carolina V'!$C:$O,F$1+1,FALSE) -> 0 | G14: =VLOOKUP('South-East'!$A11,'North Carolina V'!$C:$O,G$1+1,FALSE) -> 0 | H14: =VLOOKUP('South-East'!$A11,'North Carolina V'!$C:$O,H$1+1,FALSE) -> 0 | I14: =VLOOKUP('South-East'!$A11,'North Carolina V'!$C:$O,I$1+1,FALSE) -> 0 | J14: =VLOOKUP('South-East'!$A11,'North Carolina V'!$C:$O,J$1+1,FALSE) -> SN | ... N14: =VLOOKUP('South-East'!$A11,'North Carolina V'!$C:$O,N$1+1,FALSE) -> PT
A15: Apple | B15: #VALUE! | C15: =VLOOKUP('South-East'!$A11,'South Carolina V'!$C:$O,C$1+1,FALSE) -> 0 | D15: =VLOOKUP('South-East'!$A11,'South Carolina V'!$C:$O,D$1+1,FALSE) -> 0 | E15: =VLOOKUP('South-East'!$A11,'South Carolina V'!$C:$O,E$1+1,FALSE) -> 0 | F15: =VLOOKUP('South-East'!$A11,'South Carolina V'!$C:$O,F$1+1,FALSE) -> 0 | G15: =VLOOKUP('South-East'!$A11,'South Carolina V'!$C:$O,G$1+1,FALSE) -> 0 | H15: =VLOOKUP('South-East'!$A11,'South Carolina V'!$C:$O,H$1+1,FALSE) -> 0 | I15: =VLOOKUP('South-East'!$A11,'South Carolina V'!$C:$O,I$1+1,FALSE) -> 0 | J15: =VLOOKUP('South-East'!$A11,'South Carolina V'!$C:$O,J$1+1,FALSE) -> 0 | ... N15: =VLOOKUP('South-East'!$A11,'South Carolina V'!$C:$O,N$1+1,FALSE) -> LC
A16: Apple | B16: #VALUE! | C16: =VLOOKUP('South-East'!$A11,'Tennessee V'!$C:$O,C$1+1,FALSE) -> 0 | D16: =VLOOKUP('South-East'!$A11,'Tennessee V'!$C:$O,D$1+1,FALSE) -> 0 | E16: =VLOOKUP('South-East'!$A11,'Tennessee V'!$C:$O,E$1+1,FALSE) -> 0 | F16: =VLOOKUP('South-East'!$A11,'Tennessee V'!$C:$O,F$1+1,FALSE) -> 0 | G16: =VLOOKUP('South-East'!$A11,'Tennessee V'!$C:$O,G$1+1,FALSE) -> 0 | H16: =VLOOKUP('South-East'!$A11,'Tennessee V'!$C:$O,H$1+1,FALSE) -> SN | I16: =VLOOKUP('South-East'!$A11,'Tennessee V'!$C:$O,I$1+1,FALSE) -> PT | J16: =VLOOKUP('South-East'!$A11,'Tennessee V'!$C:$O,J$1+1,FALSE) -> PT | ... N16: =VLOOKUP('South-East'!$A11,'Tennessee V'!$C:$O,N$1+1,FALSE) -> LC*
A17: Apple | B17: #VALUE! | C17: =VLOOKUP('South-East'!$A11,'Virginia V'!$C:$O,C$1+1,FALSE) -> PT | D17: =VLOOKUP('South-East'!$A11,'Virginia V'!$C:$O,D$1+1,FALSE) -> PT | E17: =VLOOKUP('South-East'!$A11,'Virginia V'!$C:$O,E$1+1,FALSE) -> PT | F17: =VLOOKUP('South-East'!$A11,'Virginia V'!$C:$O,F$1+1,FALSE) -> LC | G17: =VLOOKUP('South-East'!$A11,'Virginia V'!$C:$O,G$1+1,FALSE) -> 0 | H17: =VLOOKUP('South-East'!$A11,'Virginia V'!$C:$O,H$1+1,FALSE) -> 0 | I17: =VLOOKUP('South-East'!$A11,'Virginia V'!$C:$O,I$1+1,FALSE) -> SN | J17: =VLOOKUP('South-East'!$A11,'Virginia V'!$C:$O,J$1+1,FALSE) -> PT | ... N17: =VLOOKUP('South-East'!$A11,'Virginia V'!$C:$O,N$1+1,FALSE) -> PT
A18: Apple | B18: #VALUE! | C18: =VLOOKUP('South-East'!$A11,'West-Virginia V'!$C:$O,C$1+1,FALSE) -> 0 | D18: =VLOOKUP('South-East'!$A11,'West-Virginia V'!$C:$O,D$1+1,FALSE) -> 0 | E18: =VLOOKUP('South-East'!$A11,'West-Virginia V'!$C:$O,E$1+1,FALSE) -> 0 | F18: =VLOOKUP('South-East'!$A11,'West-Virginia V'!$C:$O,F$1+1,FALSE) -> 0 | G18: =VLOOKUP('South-East'!$A11,'West-Virginia V'!$C:$O,G$1+1,FALSE) -> 0 | H18: =VLOOKUP('South-East'!$A11,'West-Virginia V'!$C:$O,H$1+1,FALSE) -> 0 | I18: =VLOOKUP('South-East'!$A11,'West-Virginia V'!$C:$O,I$1+1,FALSE) -> * | J18: =VLOOKUP('South-East'!$A11,'West-Virginia V'!$C:$O,J$1+1,FALSE) -> SN* | ... N18: =VLOOKUP('South-East'!$A11,'West-Virginia V'!$C:$O,N$1+1,FALSE) -> 0 | O18: Is this the effect of storage? Seems like most apple producing regions are elsewhere (https://ers.usda.gov/data-products/charts-of-note/chart-detail?chartId=75112 and it seems only there the produce is stored in controlled conditions for winter https://www.cbsnews.com/minnesota/news/gq-winter-fruit/). Probably because Virginia and North Carolina are relatively close, they can store/get apples from nearby. For the whole region I would say that there are no local apples.
A19: Apple | B19: South-East | C19: 0 | D19: 0 | E19: 0 | F19: 0 | G19: 0 | H19: SN | I19: PT | J19: PT | K19: PT | L19: PT | M19: PT | N19: LC
A20: Artichoke | B20: #VALUE! | C20: =VLOOKUP('South-East'!$A20,'Alabama V'!$C:$O,C$1+1,FALSE) -> 0 | D20: =VLOOKUP('South-East'!$A20,'Alabama V'!$C:$O,D$1+1,FALSE) -> 0 | E20: =VLOOKUP('South-East'!$A20,'Alabama V'!$C:$O,E$1+1,FALSE) -> 0 | F20: =VLOOKUP('South-East'!$A20,'Alabama V'!$C:$O,F$1+1,FALSE) -> 0 | G20: =VLOOKUP('South-East'!$A20,'Alabama V'!$C:$O,G$1+1,FALSE) -> 0 | H20: =VLOOKUP('South-East'!$A20,'Alabama V'!$C:$O,H$1+1,FALSE) -> 0 | I20: =VLOOKUP('South-East'!$A20,'Alabama V'!$C:$O,I$1+1,FALSE) -> 0 | J20: =VLOOKUP('South-East'!$A20,'Alabama V'!$C:$O,J$1+1,FALSE) -> 0 | ... N20: =VLOOKUP('South-East'!$A20,'Alabama V'!$C:$O,N$1+1,FALSE) -> 0
A21: Artichoke | B21: #VALUE! | C21: =VLOOKUP('South-East'!$A20,'Georgia V'!$C:$O,C$1+1,FALSE) -> #N/A | D21: =VLOOKUP('South-East'!$A20,'Georgia V'!$C:$O,D$1+1,FALSE) -> #N/A | E21: =VLOOKUP('South-East'!$A20,'Georgia V'!$C:$O,E$1+1,FALSE) -> #N/A | F21: =VLOOKUP('South-East'!$A20,'Georgia V'!$C:$O,F$1+1,FALSE) -> #N/A | G21: =VLOOKUP('South-East'!$A20,'Georgia V'!$C:$O,G$1+1,FALSE) -> #N/A | H21: =VLOOKUP('South-East'!$A20,'Georgia V'!$C:$O,H$1+1,FALSE) -> #N/A | I21: =VLOOKUP('South-East'!$A20,'Georgia V'!$C:$O,I$1+1,FALSE) -> #N/A | J21: =VLOOKUP('South-East'!$A20,'Georgia V'!$C:$O,J$1+1,FALSE) -> #N/A | ... N21: =VLOOKUP('South-East'!$A20,'Georgia V'!$C:$O,N$1+1,FALSE) -> #N/A
A22: Artichoke | B22: #VALUE! | C22: =VLOOKUP('South-East'!$A20,'Mississippi V'!$C:$O,C$1+1,FALSE) -> #N/A | D22: =VLOOKUP('South-East'!$A20,'Mississippi V'!$C:$O,D$1+1,FALSE) -> #N/A | E22: =VLOOKUP('South-East'!$A20,'Mississippi V'!$C:$O,E$1+1,FALSE) -> #N/A | F22: =VLOOKUP('South-East'!$A20,'Mississippi V'!$C:$O,F$1+1,FALSE) -> #N/A | G22: =VLOOKUP('South-East'!$A20,'Mississippi V'!$C:$O,G$1+1,FALSE) -> #N/A | H22: =VLOOKUP('South-East'!$A20,'Mississippi V'!$C:$O,H$1+1,FALSE) -> #N/A | I22: =VLOOKUP('South-East'!$A20,'Mississippi V'!$C:$O,I$1+1,FALSE) -> #N/A | J22: =VLOOKUP('South-East'!$A20,'Mississippi V'!$C:$O,J$1+1,FALSE) -> #N/A | ... N22: =VLOOKUP('South-East'!$A20,'Mississippi V'!$C:$O,N$1+1,FALSE) -> #N/A
A23: Artichoke | B23: #VALUE! | C23: =VLOOKUP('South-East'!$A20,'North Carolina V'!$C:$O,C$1+1,FALSE) -> #N/A | D23: =VLOOKUP('South-East'!$A20,'North Carolina V'!$C:$O,D$1+1,FALSE) -> #N/A | E23: =VLOOKUP('South-East'!$A20,'North Carolina V'!$C:$O,E$1+1,FALSE) -> #N/A | F23: =VLOOKUP('South-East'!$A20,'North Carolina V'!$C:$O,F$1+1,FALSE) -> #N/A | G23: =VLOOKUP('South-East'!$A20,'North Carolina V'!$C:$O,G$1+1,FALSE) -> #N/A | H23: =VLOOKUP('South-East'!$A20,'North Carolina V'!$C:$O,H$1+1,FALSE) -> #N/A | I23: =VLOOKUP('South-East'!$A20,'North Carolina V'!$C:$O,I$1+1,FALSE) -> #N/A | J23: =VLOOKUP('South-East'!$A20,'North Carolina V'!$C:$O,J$1+1,FALSE) -> #N/A | ... N23: =VLOOKUP('South-East'!$A20,'North Carolina V'!$C:$O,N$1+1,FALSE) -> #N/A
A24: Artichoke | B24: #VALUE! | C24: =VLOOKUP('South-East'!$A20,'South Carolina V'!$C:$O,C$1+1,FALSE) -> 0 | D24: =VLOOKUP('South-East'!$A20,'South Carolina V'!$C:$O,D$1+1,FALSE) -> 0 | E24: =VLOOKUP('South-East'!$A20,'South Carolina V'!$C:$O,E$1+1,FALSE) -> 0 | F24: =VLOOKUP('South-East'!$A20,'South Carolina V'!$C:$O,F$1+1,FALSE) -> 0 | G24: =VLOOKUP('South-East'!$A20,'South Carolina V'!$C:$O,G$1+1,FALSE) -> 0 | H24: =VLOOKUP('South-East'!$A20,'South Carolina V'!$C:$O,H$1+1,FALSE) -> 0 | I24: =VLOOKUP('South-East'!$A20,'South Carolina V'!$C:$O,I$1+1,FALSE) -> 0 | J24: =VLOOKUP('South-East'!$A20,'South Carolina V'!$C:$O,J$1+1,FALSE) -> 0 | ... N24: =VLOOKUP('South-East'!$A20,'South Carolina V'!$C:$O,N$1+1,FALSE) -> 0
A25: Artichoke | B25: #VALUE! | C25: =VLOOKUP('South-East'!$A20,'Tennessee V'!$C:$O,C$1+1,FALSE) -> #N/A | D25: =VLOOKUP('South-East'!$A20,'Tennessee V'!$C:$O,D$1+1,FALSE) -> #N/A | E25: =VLOOKUP('South-East'!$A20,'Tennessee V'!$C:$O,E$1+1,FALSE) -> #N/A | F25: =VLOOKUP('South-East'!$A20,'Tennessee V'!$C:$O,F$1+1,FALSE) -> #N/A | G25: =VLOOKUP('South-East'!$A20,'Tennessee V'!$C:$O,G$1+1,FALSE) -> #N/A | H25: =VLOOKUP('South-East'!$A20,'Tennessee V'!$C:$O,H$1+1,FALSE) -> #N/A | I25: =VLOOKUP('South-East'!$A20,'Tennessee V'!$C:$O,I$1+1,FALSE) -> #N/A | J25: =VLOOKUP('South-East'!$A20,'Tennessee V'!$C:$O,J$1+1,FALSE) -> #N/A | ... N25: =VLOOKUP('South-East'!$A20,'Tennessee V'!$C:$O,N$1+1,FALSE) -> #N/A
A26: Artichoke | B26: #VALUE! | C26: =VLOOKUP('South-East'!$A20,'Virginia V'!$C:$O,C$1+1,FALSE) -> 0 | D26: =VLOOKUP('South-East'!$A20,'Virginia V'!$C:$O,D$1+1,FALSE) -> 0 | E26: =VLOOKUP('South-East'!$A20,'Virginia V'!$C:$O,E$1+1,FALSE) -> 0 | F26: =VLOOKUP('South-East'!$A20,'Virginia V'!$C:$O,F$1+1,FALSE) -> 0 | G26: =VLOOKUP('South-East'!$A20,'Virginia V'!$C:$O,G$1+1,FALSE) -> 0 | H26: =VLOOKUP('South-East'!$A20,'Virginia V'!$C:$O,H$1+1,FALSE) -> 0 | I26: =VLOOKUP('South-East'!$A20,'Virginia V'!$C:$O,I$1+1,FALSE) -> 0 | J26: =VLOOKUP('South-East'!$A20,'Virginia V'!$C:$O,J$1+1,FALSE) -> PT- | ... N26: =VLOOKUP('South-East'!$A20,'Virginia V'!$C:$O,N$1+1,FALSE) -> 0 | O26: Not really commercially, almost everything comes from California https://www.pslainc.com/california-artichokes-the-crown-jewel-of-the-golden-states-agriculture/
A27: Artichoke | B27: #VALUE! | C27: =VLOOKUP('South-East'!$A20,'West-Virginia V'!$C:$O,C$1+1,FALSE) -> 0 | D27: =VLOOKUP('South-East'!$A20,'West-Virginia V'!$C:$O,D$1+1,FALSE) -> 0 | E27: =VLOOKUP('South-East'!$A20,'West-Virginia V'!$C:$O,E$1+1,FALSE) -> 0 | F27: =VLOOKUP('South-East'!$A20,'West-Virginia V'!$C:$O,F$1+1,FALSE) -> 0 | G27: =VLOOKUP('South-East'!$A20,'West-Virginia V'!$C:$O,G$1+1,FALSE) -> 0 | H27: =VLOOKUP('South-East'!$A20,'West-Virginia V'!$C:$O,H$1+1,FALSE) -> 0 | I27: =VLOOKUP('South-East'!$A20,'West-Virginia V'!$C:$O,I$1+1,FALSE) -> 0 | J27: =VLOOKUP('South-East'!$A20,'West-Virginia V'!$C:$O,J$1+1,FALSE) -> 0 | ... N27: =VLOOKUP('South-East'!$A20,'West-Virginia V'!$C:$O,N$1+1,FALSE) -> 0
A28: Artichoke | B28: South-East | C28: 0 | D28: 0 | E28: 0 | F28: 0 | G28: 0 | H28: 0 | I28: 0 | J28: 0 | K28: 0 | L28: 0 | M28: 0 | N28: 0
A29: Asparagus | B29: #VALUE! | C29: =VLOOKUP('South-East'!$A29,'Alabama V'!$C:$O,C$1+1,FALSE) -> 0 | D29: =VLOOKUP('South-East'!$A29,'Alabama V'!$C:$O,D$1+1,FALSE) -> 0 | E29: =VLOOKUP('South-East'!$A29,'Alabama V'!$C:$O,E$1+1,FALSE) -> SN- | F29: =VLOOKUP('South-East'!$A29,'Alabama V'!$C:$O,F$1+1,FALSE) -> PT- | G29: =VLOOKUP('South-East'!$A29,'Alabama V'!$C:$O,G$1+1,FALSE) -> PT- | H29: =VLOOKUP('South-East'!$A29,'Alabama V'!$C:$O,H$1+1,FALSE) -> LC- | I29: =VLOOKUP('South-East'!$A29,'Alabama V'!$C:$O,I$1+1,FALSE) -> 0 | J29: =VLOOKUP('South-East'!$A29,'Alabama V'!$C:$O,J$1+1,FALSE) -> 0 | ... N29: =VLOOKUP('South-East'!$A29,'Alabama V'!$C:$O,N$1+1,FALSE) -> 0 | O29: It doesn't seem like there's a lot of asparagus at all in these states.
A30: Asparagus | B30: #VALUE! | C30: =VLOOKUP('South-East'!$A29,'Georgia V'!$C:$O,C$1+1,FALSE) -> 0 | D30: =VLOOKUP('South-East'!$A29,'Georgia V'!$C:$O,D$1+1,FALSE) -> 0 | E30: =VLOOKUP('South-East'!$A29,'Georgia V'!$C:$O,E$1+1,FALSE) -> SN- | F30: =VLOOKUP('South-East'!$A29,'Georgia V'!$C:$O,F$1+1,FALSE) -> PT- | G30: =VLOOKUP('South-East'!$A29,'Georgia V'!$C:$O,G$1+1,FALSE) -> PT- | H30: =VLOOKUP('South-East'!$A29,'Georgia V'!$C:$O,H$1+1,FALSE) -> LC- | I30: =VLOOKUP('South-East'!$A29,'Georgia V'!$C:$O,I$1+1,FALSE) -> 0 | J30: =VLOOKUP('South-East'!$A29,'Georgia V'!$C:$O,J$1+1,FALSE) -> 0 | ... N30: =VLOOKUP('South-East'!$A29,'Georgia V'!$C:$O,N$1+1,FALSE) -> 0
A31: Asparagus | B31: #VALUE! | C31: =VLOOKUP('South-East'!$A29,'Mississippi V'!$C:$O,C$1+1,FALSE) -> 0 | D31: =VLOOKUP('South-East'!$A29,'Mississippi V'!$C:$O,D$1+1,FALSE) -> 0 | E31: =VLOOKUP('South-East'!$A29,'Mississippi V'!$C:$O,E$1+1,FALSE) -> SN- | F31: =VLOOKUP('South-East'!$A29,'Mississippi V'!$C:$O,F$1+1,FALSE) -> PT- | G31: =VLOOKUP('South-East'!$A29,'Mississippi V'!$C:$O,G$1+1,FALSE) -> PT- | H31: =VLOOKUP('South-East'!$A29,'Mississippi V'!$C:$O,H$1+1,FALSE) -> LC- | I31: =VLOOKUP('South-East'!$A29,'Mississippi V'!$C:$O,I$1+1,FALSE) -> 0 | J31: =VLOOKUP('South-East'!$A29,'Mississippi V'!$C:$O,J$1+1,FALSE) -> 0 | ... N31: =VLOOKUP('South-East'!$A29,'Mississippi V'!$C:$O,N$1+1,FALSE) -> 0
A32: Asparagus | B32: #VALUE! | C32: =VLOOKUP('South-East'!$A29,'North Carolina V'!$C:$O,C$1+1,FALSE) -> 0 | D32: =VLOOKUP('South-East'!$A29,'North Carolina V'!$C:$O,D$1+1,FALSE) -> 0 | E32: =VLOOKUP('South-East'!$A29,'North Carolina V'!$C:$O,E$1+1,FALSE) -> SN | F32: =VLOOKUP('South-East'!$A29,'North Carolina V'!$C:$O,F$1+1,FALSE) -> LC | G32: =VLOOKUP('South-East'!$A29,'North Carolina V'!$C:$O,G$1+1,FALSE) -> 0 | H32: =VLOOKUP('South-East'!$A29,'North Carolina V'!$C:$O,H$1+1,FALSE) -> 0 | I32: =VLOOKUP('South-East'!$A29,'North Carolina V'!$C:$O,I$1+1,FALSE) -> 0 | J32: =VLOOKUP('South-East'!$A29,'North Carolina V'!$C:$O,J$1+1,FALSE) -> 0 | ... N32: =VLOOKUP('South-East'!$A29,'North Carolina V'!$C:$O,N$1+1,FALSE) -> 0 | O32: Can't find it there's asparagus in may in North Carolina
A33: Asparagus | B33: #VALUE! | C33: =VLOOKUP('South-East'!$A29,'South Carolina V'!$C:$O,C$1+1,FALSE) -> 0 | D33: =VLOOKUP('South-East'!$A29,'South Carolina V'!$C:$O,D$1+1,FALSE) -> 0 | E33: =VLOOKUP('South-East'!$A29,'South Carolina V'!$C:$O,E$1+1,FALSE) -> SN | F33: =VLOOKUP('South-East'!$A29,'South Carolina V'!$C:$O,F$1+1,FALSE) -> PT | G33: =VLOOKUP('South-East'!$A29,'South Carolina V'!$C:$O,G$1+1,FALSE) -> LC | H33: =VLOOKUP('South-East'!$A29,'South Carolina V'!$C:$O,H$1+1,FALSE) -> 0 | I33: =VLOOKUP('South-East'!$A29,'South Carolina V'!$C:$O,I$1+1,FALSE) -> 0 | J33: =VLOOKUP('South-East'!$A29,'South Carolina V'!$C:$O,J$1+1,FALSE) -> 0 | ... N33: =VLOOKUP('South-East'!$A29,'South Carolina V'!$C:$O,N$1+1,FALSE) -> 0
A34: Asparagus | B34: #VALUE! | C34: =VLOOKUP('South-East'!$A29,'Tennessee V'!$C:$O,C$1+1,FALSE) -> 0 | D34: =VLOOKUP('South-East'!$A29,'Tennessee V'!$C:$O,D$1+1,FALSE) -> 0 | E34: =VLOOKUP('South-East'!$A29,'Tennessee V'!$C:$O,E$1+1,FALSE) -> 0 | F34: =VLOOKUP('South-East'!$A29,'Tennessee V'!$C:$O,F$1+1,FALSE) -> SN | G34: =VLOOKUP('South-East'!$A29,'Tennessee V'!$C:$O,G$1+1,FALSE) -> LC | H34: =VLOOKUP('South-East'!$A29,'Tennessee V'!$C:$O,H$1+1,FALSE) -> 0 | I34: =VLOOKUP('South-East'!$A29,'Tennessee V'!$C:$O,I$1+1,FALSE) -> 0 | J34: =VLOOKUP('South-East'!$A29,'Tennessee V'!$C:$O,J$1+1,FALSE) -> 0 | ... N34: =VLOOKUP('South-East'!$A29,'Tennessee V'!$C:$O,N$1+1,FALSE) -> 0
A35: Asparagus | B35: #VALUE! | C35: =VLOOKUP('South-East'!$A29,'Virginia V'!$C:$O,C$1+1,FALSE) -> 0 | D35: =VLOOKUP('South-East'!$A29,'Virginia V'!$C:$O,D$1+1,FALSE) -> 0 | E35: =VLOOKUP('South-East'!$A29,'Virginia V'!$C:$O,E$1+1,FALSE) -> 0 | F35: =VLOOKUP('South-East'!$A29,'Virginia V'!$C:$O,F$1+1,FALSE) -> SN | G35: =VLOOKUP('South-East'!$A29,'Virginia V'!$C:$O,G$1+1,FALSE) -> PT | H35: =VLOOKUP('South-East'!$A29,'Virginia V'!$C:$O,H$1+1,FALSE) -> LC | I35: =VLOOKUP('South-East'!$A29,'Virginia V'!$C:$O,I$1+1,FALSE) -> 0 | J35: =VLOOKUP('South-East'!$A29,'Virginia V'!$C:$O,J$1+1,FALSE) -> 0 | ... N35: =VLOOKUP('South-East'!$A29,'Virginia V'!$C:$O,N$1+1,FALSE) -> 0
A36: Asparagus | B36: #VALUE! | C36: =VLOOKUP('South-East'!$A29,'West-Virginia V'!$C:$O,C$1+1,FALSE) -> 0 | D36: =VLOOKUP('South-East'!$A29,'West-Virginia V'!$C:$O,D$1+1,FALSE) -> 0 | E36: =VLOOKUP('South-East'!$A29,'West-Virginia V'!$C:$O,E$1+1,FALSE) -> 0 | F36: =VLOOKUP('South-East'!$A29,'West-Virginia V'!$C:$O,F$1+1,FALSE) -> 0 | G36: =VLOOKUP('South-East'!$A29,'West-Virginia V'!$C:$O,G$1+1,FALSE) -> SN- | H36: =VLOOKUP('South-East'!$A29,'West-Virginia V'!$C:$O,H$1+1,FALSE) -> LC- | I36: =VLOOKUP('South-East'!$A29,'West-Virginia V'!$C:$O,I$1+1,FALSE) -> 0 | J36: =VLOOKUP('South-East'!$A29,'West-Virginia V'!$C:$O,J$1+1,FALSE) -> 0 | ... N36: =VLOOKUP('South-East'!$A29,'West-Virginia V'!$C:$O,N$1+1,FALSE) -> 0
A37: Asparagus | B37: South-East | C37: 0 | D37: 0 | E37: 0 | F37: SN | G37: PT | H37: LC | I37: 0 | J37: 0 | K37: 0 | L37: 0 | M37: 0 | N37: 0
A38: Aubergine | B38: #VALUE! | C38: =VLOOKUP('South-East'!$A38,'Alabama V'!$C:$O,C$1+1,FALSE) -> 0 | D38: =VLOOKUP('South-East'!$A38,'Alabama V'!$C:$O,D$1+1,FALSE) -> 0 | E38: =VLOOKUP('South-East'!$A38,'Alabama V'!$C:$O,E$1+1,FALSE) -> 0 | F38: =VLOOKUP('South-East'!$A38,'Alabama V'!$C:$O,F$1+1,FALSE) -> 0 | G38: =VLOOKUP('South-East'!$A38,'Alabama V'!$C:$O,G$1+1,FALSE) -> SN* | H38: =VLOOKUP('South-East'!$A38,'Alabama V'!$C:$O,H$1+1,FALSE) -> PT | I38: =VLOOKUP('South-East'!$A38,'Alabama V'!$C:$O,I$1+1,FALSE) -> PT | J38: =VLOOKUP('South-East'!$A38,'Alabama V'!$C:$O,J$1+1,FALSE) -> PT | ... N38: =VLOOKUP('South-East'!$A38,'Alabama V'!$C:$O,N$1+1,FALSE) -> 0 | O38: Most start in June, but Tennessee, Virginia and West-Virginia considerably later, is this a pattern we see for other vegetables too?
A39: Aubergine | B39: #VALUE! | C39: =VLOOKUP('South-East'!$A38,'Georgia V'!$C:$O,C$1+1,FALSE) -> 0 | D39: =VLOOKUP('South-East'!$A38,'Georgia V'!$C:$O,D$1+1,FALSE) -> 0 | E39: =VLOOKUP('South-East'!$A38,'Georgia V'!$C:$O,E$1+1,FALSE) -> 0 | F39: =VLOOKUP('South-East'!$A38,'Georgia V'!$C:$O,F$1+1,FALSE) -> 0 | G39: =VLOOKUP('South-East'!$A38,'Georgia V'!$C:$O,G$1+1,FALSE) -> 0 | H39: =VLOOKUP('South-East'!$A38,'Georgia V'!$C:$O,H$1+1,FALSE) -> SN | I39: =VLOOKUP('South-East'!$A38,'Georgia V'!$C:$O,I$1+1,FALSE) -> PT | J39: =VLOOKUP('South-East'!$A38,'Georgia V'!$C:$O,J$1+1,FALSE) -> PT | ... N39: =VLOOKUP('South-East'!$A38,'Georgia V'!$C:$O,N$1+1,FALSE) -> 0
A40: Aubergine | B40: #VALUE! | C40: =VLOOKUP('South-East'!$A38,'Mississippi V'!$C:$O,C$1+1,FALSE) -> 0 | D40: =VLOOKUP('South-East'!$A38,'Mississippi V'!$C:$O,D$1+1,FALSE) -> 0 | E40: =VLOOKUP('South-East'!$A38,'Mississippi V'!$C:$O,E$1+1,FALSE) -> 0 | F40: =VLOOKUP('South-East'!$A38,'Mississippi V'!$C:$O,F$1+1,FALSE) -> 0 | G40: =VLOOKUP('South-East'!$A38,'Mississippi V'!$C:$O,G$1+1,FALSE) -> 0 | H40: =VLOOKUP('South-East'!$A38,'Mississippi V'!$C:$O,H$1+1,FALSE) -> SN | I40: =VLOOKUP('South-East'!$A38,'Mississippi V'!$C:$O,I$1+1,FALSE) -> PT | J40: =VLOOKUP('South-East'!$A38,'Mississippi V'!$C:$O,J$1+1,FALSE) -> 0 | ... N40: =VLOOKUP('South-East'!$A38,'Mississippi V'!$C:$O,N$1+1,FALSE) -> 0 | O40: Here until October: https://extension.msstate.edu/publications/buy-fresh-fruits-and-vegetables-season
A41: Aubergine | B41: #VALUE! | C41: =VLOOKUP('South-East'!$A38,'North Carolina V'!$C:$O,C$1+1,FALSE) -> 0 | D41: =VLOOKUP('South-East'!$A38,'North Carolina V'!$C:$O,D$1+1,FALSE) -> 0 | E41: =VLOOKUP('South-East'!$A38,'North Carolina V'!$C:$O,E$1+1,FALSE) -> 0 | F41: =VLOOKUP('South-East'!$A38,'North Carolina V'!$C:$O,F$1+1,FALSE) -> 0 | G41: =VLOOKUP('South-East'!$A38,'North Carolina V'!$C:$O,G$1+1,FALSE) -> 0 | H41: =VLOOKUP('South-East'!$A38,'North Carolina V'!$C:$O,H$1+1,FALSE) -> SN | I41: =VLOOKUP('South-East'!$A38,'North Carolina V'!$C:$O,I$1+1,FALSE) -> PT | J41: =VLOOKUP('South-East'!$A38,'North Carolina V'!$C:$O,J$1+1,FALSE) -> LC | ... N41: =VLOOKUP('South-East'!$A38,'North Carolina V'!$C:$O,N$1+1,FALSE) -> 0 | O41: Here until October: https://www.farmerfoodshare.org/eggplant/#:~:text=WHEN%20IT'S%20IN%20SEASON:,Carolina%20between%20July%20and%20October.
A42: Aubergine | B42: #VALUE! | C42: =VLOOKUP('South-East'!$A38,'South Carolina V'!$C:$O,C$1+1,FALSE) -> 0 | D42: =VLOOKUP('South-East'!$A38,'South Carolina V'!$C:$O,D$1+1,FALSE) -> 0 | E42: =VLOOKUP('South-East'!$A38,'South Carolina V'!$C:$O,E$1+1,FALSE) -> 0 | F42: =VLOOKUP('South-East'!$A38,'South Carolina V'!$C:$O,F$1+1,FALSE) -> 0 | G42: =VLOOKUP('South-East'!$A38,'South Carolina V'!$C:$O,G$1+1,FALSE) -> 0 | H42: =VLOOKUP('South-East'!$A38,'South Carolina V'!$C:$O,H$1+1,FALSE) -> SN | I42: =VLOOKUP('South-East'!$A38,'South Carolina V'!$C:$O,I$1+1,FALSE) -> PT | J42: =VLOOKUP('South-East'!$A38,'South Carolina V'!$C:$O,J$1+1,FALSE) -> PT | ... N42: =VLOOKUP('South-East'!$A38,'South Carolina V'!$C:$O,N$1+1,FALSE) -> 0
A43: Aubergine | B43: #VALUE! | C43: =VLOOKUP('South-East'!$A38,'Tennessee V'!$C:$O,C$1+1,FALSE) -> 0 | D43: =VLOOKUP('South-East'!$A38,'Tennessee V'!$C:$O,D$1+1,FALSE) -> 0 | E43: =VLOOKUP('South-East'!$A38,'Tennessee V'!$C:$O,E$1+1,FALSE) -> 0 | F43: =VLOOKUP('South-East'!$A38,'Tennessee V'!$C:$O,F$1+1,FALSE) -> 0 | G43: =VLOOKUP('South-East'!$A38,'Tennessee V'!$C:$O,G$1+1,FALSE) -> 0 | H43: =VLOOKUP('South-East'!$A38,'Tennessee V'!$C:$O,H$1+1,FALSE) -> 0 | I43: =VLOOKUP('South-East'!$A38,'Tennessee V'!$C:$O,I$1+1,FALSE) -> SN | J43: =VLOOKUP('South-East'!$A38,'Tennessee V'!$C:$O,J$1+1,FALSE) -> PT | ... N43: =VLOOKUP('South-East'!$A38,'Tennessee V'!$C:$O,N$1+1,FALSE) -> 0
A44: Aubergine | B44: #VALUE! | C44: =VLOOKUP('South-East'!$A38,'Virginia V'!$C:$O,C$1+1,FALSE) -> 0 | D44: =VLOOKUP('South-East'!$A38,'Virginia V'!$C:$O,D$1+1,FALSE) -> 0 | E44: =VLOOKUP('South-East'!$A38,'Virginia V'!$C:$O,E$1+1,FALSE) -> 0 | F44: =VLOOKUP('South-East'!$A38,'Virginia V'!$C:$O,F$1+1,FALSE) -> 0 | G44: =VLOOKUP('South-East'!$A38,'Virginia V'!$C:$O,G$1+1,FALSE) -> 0 | H44: =VLOOKUP('South-East'!$A38,'Virginia V'!$C:$O,H$1+1,FALSE) -> 0 | I44: =VLOOKUP('South-East'!$A38,'Virginia V'!$C:$O,I$1+1,FALSE) -> SN | J44: =VLOOKUP('South-East'!$A38,'Virginia V'!$C:$O,J$1+1,FALSE) -> PT | ... N44: =VLOOKUP('South-East'!$A38,'Virginia V'!$C:$O,N$1+1,FALSE) -> 0
A45: Aubergine | B45: #VALUE! | C45: =VLOOKUP('South-East'!$A38,'West-Virginia V'!$C:$O,C$1+1,FALSE) -> 0 | D45: =VLOOKUP('South-East'!$A38,'West-Virginia V'!$C:$O,D$1+1,FALSE) -> 0 | E45: =VLOOKUP('South-East'!$A38,'West-Virginia V'!$C:$O,E$1+1,FALSE) -> 0 | F45: =VLOOKUP('South-East'!$A38,'West-Virginia V'!$C:$O,F$1+1,FALSE) -> 0 | G45: =VLOOKUP('South-East'!$A38,'West-Virginia V'!$C:$O,G$1+1,FALSE) -> 0 | H45: =VLOOKUP('South-East'!$A38,'West-Virginia V'!$C:$O,H$1+1,FALSE) -> 0 | I45: =VLOOKUP('South-East'!$A38,'West-Virginia V'!$C:$O,I$1+1,FALSE) -> SN* | J45: =VLOOKUP('South-East'!$A38,'West-Virginia V'!$C:$O,J$1+1,FALSE) -> PT | ... N45: =VLOOKUP('South-East'!$A38,'West-Virginia V'!$C:$O,N$1+1,FALSE) -> 0
A46: Aubergine | B46: South-East | C46: 0 | D46: 0 | E46: 0 | F46: 0 | G46: 0 | H46: SN | I46: PT | J46: PT | K46: PT | L46: LC | M46: 0 | N46: 0
A47: Avocado | B47: #VALUE! | C47: =VLOOKUP('South-East'!$A47,'Alabama V'!$C:$O,C$1+1,FALSE) -> 0 | D47: =VLOOKUP('South-East'!$A47,'Alabama V'!$C:$O,D$1+1,FALSE) -> 0 | E47: =VLOOKUP('South-East'!$A47,'Alabama V'!$C:$O,E$1+1,FALSE) -> 0 | F47: =VLOOKUP('South-East'!$A47,'Alabama V'!$C:$O,F$1+1,FALSE) -> 0 | G47: =VLOOKUP('South-East'!$A47,'Alabama V'!$C:$O,G$1+1,FALSE) -> 0 | H47: =VLOOKUP('South-East'!$A47,'Alabama V'!$C:$O,H$1+1,FALSE) -> 0 | I47: =VLOOKUP('South-East'!$A47,'Alabama V'!$C:$O,I$1+1,FALSE) -> 0 | J47: =VLOOKUP('South-East'!$A47,'Alabama V'!$C:$O,J$1+1,FALSE) -> 0 | ... N47: =VLOOKUP('South-East'!$A47,'Alabama V'!$C:$O,N$1+1,FALSE) -> 0
A48: Avocado | B48: #VALUE! | C48: =VLOOKUP('South-East'!$A47,'Georgia V'!$C:$O,C$1+1,FALSE) -> #N/A | D48: =VLOOKUP('South-East'!$A47,'Georgia V'!$C:$O,D$1+1,FALSE) -> #N/A | E48: =VLOOKUP('South-East'!$A47,'Georgia V'!$C:$O,E$1+1,FALSE) -> #N/A | F48: =VLOOKUP('South-East'!$A47,'Georgia V'!$C:$O,F$1+1,FALSE) -> #N/A | G48: =VLOOKUP('South-East'!$A47,'Georgia V'!$C:$O,G$1+1,FALSE) -> #N/A | H48: =VLOOKUP('South-East'!$A47,'Georgia V'!$C:$O,H$1+1,FALSE) -> #N/A | I48: =VLOOKUP('South-East'!$A47,'Georgia V'!$C:$O,I$1+1,FALSE) -> #N/A | J48: =VLOOKUP('South-East'!$A47,'Georgia V'!$C:$O,J$1+1,FALSE) -> #N/A | ... N48: =VLOOKUP('South-East'!$A47,'Georgia V'!$C:$O,N$1+1,FALSE) -> #N/A
A49: Avocado | B49: #VALUE! | C49: =VLOOKUP('South-East'!$A47,'Mississippi V'!$C:$O,C$1+1,FALSE) -> #N/A | D49: =VLOOKUP('South-East'!$A47,'Mississippi V'!$C:$O,D$1+1,FALSE) -> #N/A | E49: =VLOOKUP('South-East'!$A47,'Mississippi V'!$C:$O,E$1+1,FALSE) -> #N/A | F49: =VLOOKUP('South-East'!$A47,'Mississippi V'!$C:$O,F$1+1,FALSE) -> #N/A | G49: =VLOOKUP('South-East'!$A47,'Mississippi V'!$C:$O,G$1+1,FALSE) -> #N/A | H49: =VLOOKUP('South-East'!$A47,'Mississippi V'!$C:$O,H$1+1,FALSE) -> #N/A | I49: =VLOOKUP('South-East'!$A47,'Mississippi V'!$C:$O,I$1+1,FALSE) -> #N/A | J49: =VLOOKUP('South-East'!$A47,'Mississippi V'!$C:$O,J$1+1,FALSE) -> #N/A | ... N49: =VLOOKUP('South-East'!$A47,'Mississippi V'!$C:$O,N$1+1,FALSE) -> #N/A
A50: Avocado | B50: #VALUE! | C50: =VLOOKUP('South-East'!$A47,'North Carolina V'!$C:$O,C$1+1,FALSE) -> #N/A | D50: =VLOOKUP('South-East'!$A47,'North Carolina V'!$C:$O,D$1+1,FALSE) -> #N/A | E50: =VLOOKUP('South-East'!$A47,'North Carolina V'!$C:$O,E$1+1,FALSE) -> #N/A | F50: =VLOOKUP('South-East'!$A47,'North Carolina V'!$C:$O,F$1+1,FALSE) -> #N/A | G50: =VLOOKUP('South-East'!$A47,'North Carolina V'!$C:$O,G$1+1,FALSE) -> #N/A | H50: =VLOOKUP('South-East'!$A47,'North Carolina V'!$C:$O,H$1+1,FALSE) -> #N/A | I50: =VLOOKUP('South-East'!$A47,'North Carolina V'!$C:$O,I$1+1,FALSE) -> #N/A | J50: =VLOOKUP('South-East'!$A47,'North Carolina V'!$C:$O,J$1+1,FALSE) -> #N/A | ... N50: =VLOOKUP('South-East'!$A47,'North Carolina V'!$C:$O,N$1+1,FALSE) -> #N/A
A51: Avocado | B51: #VALUE! | C51: =VLOOKUP('South-East'!$A47,'South Carolina V'!$C:$O,C$1+1,FALSE) -> 0 | D51: =VLOOKUP('South-East'!$A47,'South Carolina V'!$C:$O,D$1+1,FALSE) -> 0 | E51: =VLOOKUP('South-East'!$A47,'South Carolina V'!$C:$O,E$1+1,FALSE) -> 0 | F51: =VLOOKUP('South-East'!$A47,'South Carolina V'!$C:$O,F$1+1,FALSE) -> 0 | G51: =VLOOKUP('South-East'!$A47,'South Carolina V'!$C:$O,G$1+1,FALSE) -> 0 | H51: =VLOOKUP('South-East'!$A47,'South Carolina V'!$C:$O,H$1+1,FALSE) -> 0 | I51: =VLOOKUP('South-East'!$A47,'South Carolina V'!$C:$O,I$1+1,FALSE) -> 0 | J51: =VLOOKUP('South-East'!$A47,'South Carolina V'!$C:$O,J$1+1,FALSE) -> 0 | ... N51: =VLOOKUP('South-East'!$A47,'South Carolina V'!$C:$O,N$1+1,FALSE) -> 0
A52: Avocado | B52: #VALUE! | C52: =VLOOKUP('South-East'!$A47,'Tennessee V'!$C:$O,C$1+1,FALSE) -> #N/A | D52: =VLOOKUP('South-East'!$A47,'Tennessee V'!$C:$O,D$1+1,FALSE) -> #N/A | E52: =VLOOKUP('South-East'!$A47,'Tennessee V'!$C:$O,E$1+1,FALSE) -> #N/A | F52: =VLOOKUP('South-East'!$A47,'Tennessee V'!$C:$O,F$1+1,FALSE) -> #N/A | G52: =VLOOKUP('South-East'!$A47,'Tennessee V'!$C:$O,G$1+1,FALSE) -> #N/A | H52: =VLOOKUP('South-East'!$A47,'Tennessee V'!$C:$O,H$1+1,FALSE) -> #N/A | I52: =VLOOKUP('South-East'!$A47,'Tennessee V'!$C:$O,I$1+1,FALSE) -> #N/A | J52: =VLOOKUP('South-East'!$A47,'Tennessee V'!$C:$O,J$1+1,FALSE) -> #N/A | ... N52: =VLOOKUP('South-East'!$A47,'Tennessee V'!$C:$O,N$1+1,FALSE) -> #N/A
A53: Avocado | B53: #VALUE! | C53: =VLOOKUP('South-East'!$A47,'Virginia V'!$C:$O,C$1+1,FALSE) -> #N/A | D53: =VLOOKUP('South-East'!$A47,'Virginia V'!$C:$O,D$1+1,FALSE) -> #N/A | E53: =VLOOKUP('South-East'!$A47,'Virginia V'!$C:$O,E$1+1,FALSE) -> #N/A | F53: =VLOOKUP('South-East'!$A47,'Virginia V'!$C:$O,F$1+1,FALSE) -> #N/A | G53: =VLOOKUP('South-East'!$A47,'Virginia V'!$C:$O,G$1+1,FALSE) -> #N/A | H53: =VLOOKUP('South-East'!$A47,'Virginia V'!$C:$O,H$1+1,FALSE) -> #N/A | I53: =VLOOKUP('South-East'!$A47,'Virginia V'!$C:$O,I$1+1,FALSE) -> #N/A | J53: =VLOOKUP('South-East'!$A47,'Virginia V'!$C:$O,J$1+1,FALSE) -> #N/A | ... N53: =VLOOKUP('South-East'!$A47,'Virginia V'!$C:$O,N$1+1,FALSE) -> #N/A
A54: Avocado | B54: #VALUE! | C54: =VLOOKUP('South-East'!$A47,'West-Virginia V'!$C:$O,C$1+1,FALSE) -> 0 | D54: =VLOOKUP('South-East'!$A47,'West-Virginia V'!$C:$O,D$1+1,FALSE) -> 0 | E54: =VLOOKUP('South-East'!$A47,'West-Virginia V'!$C:$O,E$1+1,FALSE) -> 0 | F54: =VLOOKUP('South-East'!$A47,'West-Virginia V'!$C:$O,F$1+1,FALSE) -> 0 | G54: =VLOOKUP('South-East'!$A47,'West-Virginia V'!$C:$O,G$1+1,FALSE) -> 0 | H54: =VLOOKUP('South-East'!$A47,'West-Virginia V'!$C:$O,H$1+1,FALSE) -> 0 | I54: =VLOOKUP('South-East'!$A47,'West-Virginia V'!$C:$O,I$1+1,FALSE) -> 0 | J54: =VLOOKUP('South-East'!$A47,'West-Virginia V'!$C:$O,J$1+1,FALSE) -> 0 | ... N54: =VLOOKUP('South-East'!$A47,'West-Virginia V'!$C:$O,N$1+1,FALSE) -> 0
A55: Avocado | B55: South-East | C55: 0 | D55: 0 | E55: 0 | F55: 0 | G55: 0 | H55: 0 | I55: 0 | J55: 0 | K55: 0 | L55: 0 | M55: 0 | N55: 0
A56: Beetroot | B56: #VALUE! | C56: =VLOOKUP('South-East'!$A56,'Alabama V'!$C:$O,C$1+1,FALSE) -> 0 | D56: =VLOOKUP('South-East'!$A56,'Alabama V'!$C:$O,D$1+1,FALSE) -> 0 | E56: =VLOOKUP('South-East'!$A56,'Alabama V'!$C:$O,E$1+1,FALSE) -> 0 | F56: =VLOOKUP('South-East'!$A56,'Alabama V'!$C:$O,F$1+1,FALSE) -> SN | G56: =VLOOKUP('South-East'!$A56,'Alabama V'!$C:$O,G$1+1,FALSE) -> PT | H56: =VLOOKUP('South-East'!$A56,'Alabama V'!$C:$O,H$1+1,FALSE) -> PT | I56: =VLOOKUP('South-East'!$A56,'Alabama V'!$C:$O,I$1+1,FALSE) -> LC | J56: =VLOOKUP('South-East'!$A56,'Alabama V'!$C:$O,J$1+1,FALSE) -> 0 | ... N56: =VLOOKUP('South-East'!$A56,'Alabama V'!$C:$O,N$1+1,FALSE) -> 0 | O56: What's the effect of storage?
A57: Beetroot | B57: #VALUE! | C57: =VLOOKUP('South-East'!$A56,'Georgia V'!$C:$O,C$1+1,FALSE) -> 0 | D57: =VLOOKUP('South-East'!$A56,'Georgia V'!$C:$O,D$1+1,FALSE) -> 0 | E57: =VLOOKUP('South-East'!$A56,'Georgia V'!$C:$O,E$1+1,FALSE) -> 0 | F57: =VLOOKUP('South-East'!$A56,'Georgia V'!$C:$O,F$1+1,FALSE) -> SN- | G57: =VLOOKUP('South-East'!$A56,'Georgia V'!$C:$O,G$1+1,FALSE) -> PT- | H57: =VLOOKUP('South-East'!$A56,'Georgia V'!$C:$O,H$1+1,FALSE) -> LC- | I57: =VLOOKUP('South-East'!$A56,'Georgia V'!$C:$O,I$1+1,FALSE) -> 0 | J57: =VLOOKUP('South-East'!$A56,'Georgia V'!$C:$O,J$1+1,FALSE) -> 0 | ... N57: =VLOOKUP('South-East'!$A56,'Georgia V'!$C:$O,N$1+1,FALSE) -> 0 | O57: Is there beetroot for longer in Georgia? Some source do mention a second season in fall https://georgiagrown.com/find-georgia-grown/fruits-vegetables/beets/
A58: Beetroot | B58: #VALUE! | C58: =VLOOKUP('South-East'!$A56,'Mississippi V'!$C:$O,C$1+1,FALSE) -> 0 | D58: =VLOOKUP('South-East'!$A56,'Mississippi V'!$C:$O,D$1+1,FALSE) -> 0 | E58: =VLOOKUP('South-East'!$A56,'Mississippi V'!$C:$O,E$1+1,FALSE) -> 0 | F58: =VLOOKUP('South-East'!$A56,'Mississippi V'!$C:$O,F$1+1,FALSE) -> SN- | G58: =VLOOKUP('South-East'!$A56,'Mississippi V'!$C:$O,G$1+1,FALSE) -> PT- | H58: =VLOOKUP('South-East'!$A56,'Mississippi V'!$C:$O,H$1+1,FALSE) -> PT- | I58: =VLOOKUP('South-East'!$A56,'Mississippi V'!$C:$O,I$1+1,FALSE) -> LC- | J58: =VLOOKUP('South-East'!$A56,'Mississippi V'!$C:$O,J$1+1,FALSE) -> 0 | ... N58: =VLOOKUP('South-East'!$A56,'Mississippi V'!$C:$O,N$1+1,FALSE) -> 0 | O58: Here October-December, but also mentions availability year round: https://extension.msstate.edu/publications/buy-fresh-fruits-and-vegetables-season
A59: Beetroot | B59: #VALUE! | C59: =VLOOKUP('South-East'!$A56,'North Carolina V'!$C:$O,C$1+1,FALSE) -> 0 | D59: =VLOOKUP('South-East'!$A56,'North Carolina V'!$C:$O,D$1+1,FALSE) -> 0 | E59: =VLOOKUP('South-East'!$A56,'North Carolina V'!$C:$O,E$1+1,FALSE) -> 0 | F59: =VLOOKUP('South-East'!$A56,'North Carolina V'!$C:$O,F$1+1,FALSE) -> 0 | G59: =VLOOKUP('South-East'!$A56,'North Carolina V'!$C:$O,G$1+1,FALSE) -> SN | H59: =VLOOKUP('South-East'!$A56,'North Carolina V'!$C:$O,H$1+1,FALSE) -> LC | I59: =VLOOKUP('South-East'!$A56,'North Carolina V'!$C:$O,I$1+1,FALSE) -> 0 | J59: =VLOOKUP('South-East'!$A56,'North Carolina V'!$C:$O,J$1+1,FALSE) -> 0 | ... N59: =VLOOKUP('South-East'!$A56,'North Carolina V'!$C:$O,N$1+1,FALSE) -> LC
A60: Beetroot | B60: #VALUE! | C60: =VLOOKUP('South-East'!$A56,'South Carolina V'!$C:$O,C$1+1,FALSE) -> PT | D60: =VLOOKUP('South-East'!$A56,'South Carolina V'!$C:$O,D$1+1,FALSE) -> PT | E60: =VLOOKUP('South-East'!$A56,'South Carolina V'!$C:$O,E$1+1,FALSE) -> PT | F60: =VLOOKUP('South-East'!$A56,'South Carolina V'!$C:$O,F$1+1,FALSE) -> PT | G60: =VLOOKUP('South-East'!$A56,'South Carolina V'!$C:$O,G$1+1,FALSE) -> PT | H60: =VLOOKUP('South-East'!$A56,'South Carolina V'!$C:$O,H$1+1,FALSE) -> GFS* | I60: =VLOOKUP('South-East'!$A56,'South Carolina V'!$C:$O,I$1+1,FALSE) -> GFS* | J60: =VLOOKUP('South-East'!$A56,'South Carolina V'!$C:$O,J$1+1,FALSE) -> GFS* | ... N60: =VLOOKUP('South-East'!$A56,'South Carolina V'!$C:$O,N$1+1,FALSE) -> PT
A61: Beetroot | B61: #VALUE! | C61: =VLOOKUP('South-East'!$A56,'Tennessee V'!$C:$O,C$1+1,FALSE) -> 0 | D61: =VLOOKUP('South-East'!$A56,'Tennessee V'!$C:$O,D$1+1,FALSE) -> 0 | E61: =VLOOKUP('South-East'!$A56,'Tennessee V'!$C:$O,E$1+1,FALSE) -> 0 | F61: =VLOOKUP('South-East'!$A56,'Tennessee V'!$C:$O,F$1+1,FALSE) -> 0 | G61: =VLOOKUP('South-East'!$A56,'Tennessee V'!$C:$O,G$1+1,FALSE) -> 0 | H61: =VLOOKUP('South-East'!$A56,'Tennessee V'!$C:$O,H$1+1,FALSE) -> SN | I61: =VLOOKUP('South-East'!$A56,'Tennessee V'!$C:$O,I$1+1,FALSE) -> PT | J61: =VLOOKUP('South-East'!$A56,'Tennessee V'!$C:$O,J$1+1,FALSE) -> PT | ... N61: =VLOOKUP('South-East'!$A56,'Tennessee V'!$C:$O,N$1+1,FALSE) -> 0
A62: Beetroot | B62: #VALUE! | C62: =VLOOKUP('South-East'!$A56,'Virginia V'!$C:$O,C$1+1,FALSE) -> 0 | D62: =VLOOKUP('South-East'!$A56,'Virginia V'!$C:$O,D$1+1,FALSE) -> 0 | E62: =VLOOKUP('South-East'!$A56,'Virginia V'!$C:$O,E$1+1,FALSE) -> 0 | F62: =VLOOKUP('South-East'!$A56,'Virginia V'!$C:$O,F$1+1,FALSE) -> 0 | G62: =VLOOKUP('South-East'!$A56,'Virginia V'!$C:$O,G$1+1,FALSE) -> SN | H62: =VLOOKUP('South-East'!$A56,'Virginia V'!$C:$O,H$1+1,FALSE) -> PT | I62: =VLOOKUP('South-East'!$A56,'Virginia V'!$C:$O,I$1+1,FALSE) -> PT | J62: =VLOOKUP('South-East'!$A56,'Virginia V'!$C:$O,J$1+1,FALSE) -> PT | ... N62: =VLOOKUP('South-East'!$A56,'Virginia V'!$C:$O,N$1+1,FALSE) -> 0
A63: Beetroot | B63: #VALUE! | C63: =VLOOKUP('South-East'!$A56,'West-Virginia V'!$C:$O,C$1+1,FALSE) -> 0 | D63: =VLOOKUP('South-East'!$A56,'West-Virginia V'!$C:$O,D$1+1,FALSE) -> 0 | E63: =VLOOKUP('South-East'!$A56,'West-Virginia V'!$C:$O,E$1+1,FALSE) -> 0 | F63: =VLOOKUP('South-East'!$A56,'West-Virginia V'!$C:$O,F$1+1,FALSE) -> 0 | G63: =VLOOKUP('South-East'!$A56,'West-Virginia V'!$C:$O,G$1+1,FALSE) -> * | H63: =VLOOKUP('South-East'!$A56,'West-Virginia V'!$C:$O,H$1+1,FALSE) -> * | I63: =VLOOKUP('South-East'!$A56,'West-Virginia V'!$C:$O,I$1+1,FALSE) -> SN* | J63: =VLOOKUP('South-East'!$A56,'West-Virginia V'!$C:$O,J$1+1,FALSE) -> PT | ... N63: =VLOOKUP('South-East'!$A56,'West-Virginia V'!$C:$O,N$1+1,FALSE) -> 0
A64: Beetroot | B64: South-East | O64: It seems like there are different growing seasons in the south (where it's in spring/fall) and in the northern states where it is summer. They can be kept all-year according to multiple sources. If we are strict, we should change the states included in this region if the prime time data (when it's harvested) should be correct. First complete the rest of the analysis, and then tackle this one.
A65: Bell pepper | B65: #VALUE! | C65: =VLOOKUP('South-East'!$A65,'Alabama V'!$C:$O,C$1+1,FALSE) -> 0 | D65: =VLOOKUP('South-East'!$A65,'Alabama V'!$C:$O,D$1+1,FALSE) -> 0 | E65: =VLOOKUP('South-East'!$A65,'Alabama V'!$C:$O,E$1+1,FALSE) -> 0 | F65: =VLOOKUP('South-East'!$A65,'Alabama V'!$C:$O,F$1+1,FALSE) -> 0 | G65: =VLOOKUP('South-East'!$A65,'Alabama V'!$C:$O,G$1+1,FALSE) -> 0 | H65: =VLOOKUP('South-East'!$A65,'Alabama V'!$C:$O,H$1+1,FALSE) -> SN | I65: =VLOOKUP('South-East'!$A65,'Alabama V'!$C:$O,I$1+1,FALSE) -> PT | J65: =VLOOKUP('South-East'!$A65,'Alabama V'!$C:$O,J$1+1,FALSE) -> PT | ... N65: =VLOOKUP('South-East'!$A65,'Alabama V'!$C:$O,N$1+1,FALSE) -> 0 | O65: Are there bell peppers in September in Mississippi and North Carolina?
A66: Bell pepper | B66: #VALUE! | C66: =VLOOKUP('South-East'!$A65,'Georgia V'!$C:$O,C$1+1,FALSE) -> 0 | D66: =VLOOKUP('South-East'!$A65,'Georgia V'!$C:$O,D$1+1,FALSE) -> 0 | E66: =VLOOKUP('South-East'!$A65,'Georgia V'!$C:$O,E$1+1,FALSE) -> 0 | F66: =VLOOKUP('South-East'!$A65,'Georgia V'!$C:$O,F$1+1,FALSE) -> 0 | G66: =VLOOKUP('South-East'!$A65,'Georgia V'!$C:$O,G$1+1,FALSE) -> 0 | H66: =VLOOKUP('South-East'!$A65,'Georgia V'!$C:$O,H$1+1,FALSE) -> SN* | I66: =VLOOKUP('South-East'!$A65,'Georgia V'!$C:$O,I$1+1,FALSE) -> PT | J66: =VLOOKUP('South-East'!$A65,'Georgia V'!$C:$O,J$1+1,FALSE) -> PT | ... N66: =VLOOKUP('South-East'!$A65,'Georgia V'!$C:$O,N$1+1,FALSE) -> 0
A67: Bell pepper | B67: #VALUE! | C67: =VLOOKUP('South-East'!$A65,'Mississippi V'!$C:$O,C$1+1,FALSE) -> 0 | D67: =VLOOKUP('South-East'!$A65,'Mississippi V'!$C:$O,D$1+1,FALSE) -> 0 | E67: =VLOOKUP('South-East'!$A65,'Mississippi V'!$C:$O,E$1+1,FALSE) -> 0 | F67: =VLOOKUP('South-East'!$A65,'Mississippi V'!$C:$O,F$1+1,FALSE) -> 0 | G67: =VLOOKUP('South-East'!$A65,'Mississippi V'!$C:$O,G$1+1,FALSE) -> 0 | H67: =VLOOKUP('South-East'!$A65,'Mississippi V'!$C:$O,H$1+1,FALSE) -> SN | I67: =VLOOKUP('South-East'!$A65,'Mississippi V'!$C:$O,I$1+1,FALSE) -> PT | J67: =VLOOKUP('South-East'!$A65,'Mississippi V'!$C:$O,J$1+1,FALSE) -> LC | ... N67: =VLOOKUP('South-East'!$A65,'Mississippi V'!$C:$O,N$1+1,FALSE) -> 0 | O67: June to October: https://extension.msstate.edu/publications/buy-fresh-fruits-and-vegetables-season
A68: Bell pepper | B68: #VALUE! | C68: =VLOOKUP('South-East'!$A65,'North Carolina V'!$C:$O,C$1+1,FALSE) -> 0 | D68: =VLOOKUP('South-East'!$A65,'North Carolina V'!$C:$O,D$1+1,FALSE) -> 0 | E68: =VLOOKUP('South-East'!$A65,'North Carolina V'!$C:$O,E$1+1,FALSE) -> 0 | F68: =VLOOKUP('South-East'!$A65,'North Carolina V'!$C:$O,F$1+1,FALSE) -> 0 | G68: =VLOOKUP('South-East'!$A65,'North Carolina V'!$C:$O,G$1+1,FALSE) -> 0 | H68: =VLOOKUP('South-East'!$A65,'North Carolina V'!$C:$O,H$1+1,FALSE) -> SN | I68: =VLOOKUP('South-East'!$A65,'North Carolina V'!$C:$O,I$1+1,FALSE) -> PT | J68: =VLOOKUP('South-East'!$A65,'North Carolina V'!$C:$O,J$1+1,FALSE) -> LC | ... N68: =VLOOKUP('South-East'!$A65,'North Carolina V'!$C:$O,N$1+1,FALSE) -> 0 | O68: September still: https://durhammastergardeners.com/2022/09/21/picking-peppers-in-the-piedmont/
A69: Bell pepper | B69: #VALUE! | C69: =VLOOKUP('South-East'!$A65,'South Carolina V'!$C:$O,C$1+1,FALSE) -> 0 | D69: =VLOOKUP('South-East'!$A65,'South Carolina V'!$C:$O,D$1+1,FALSE) -> 0 | E69: =VLOOKUP('South-East'!$A65,'South Carolina V'!$C:$O,E$1+1,FALSE) -> 0 | F69: =VLOOKUP('South-East'!$A65,'South Carolina V'!$C:$O,F$1+1,FALSE) -> 0 | G69: =VLOOKUP('South-East'!$A65,'South Carolina V'!$C:$O,G$1+1,FALSE) -> 0 | H69: =VLOOKUP('South-East'!$A65,'South Carolina V'!$C:$O,H$1+1,FALSE) -> SN | I69: =VLOOKUP('South-East'!$A65,'South Carolina V'!$C:$O,I$1+1,FALSE) -> PT | J69: =VLOOKUP('South-East'!$A65,'South Carolina V'!$C:$O,J$1+1,FALSE) -> PT | ... N69: =VLOOKUP('South-East'!$A65,'South Carolina V'!$C:$O,N$1+1,FALSE) -> 0
A70: Bell pepper | B70: #VALUE! | C70: =VLOOKUP('South-East'!$A65,'Tennessee V'!$C:$O,C$1+1,FALSE) -> 0 | D70: =VLOOKUP('South-East'!$A65,'Tennessee V'!$C:$O,D$1+1,FALSE) -> 0 | E70: =VLOOKUP('South-East'!$A65,'Tennessee V'!$C:$O,E$1+1,FALSE) -> 0 | F70: =VLOOKUP('South-East'!$A65,'Tennessee V'!$C:$O,F$1+1,FALSE) -> 0 | G70: =VLOOKUP('South-East'!$A65,'Tennessee V'!$C:$O,G$1+1,FALSE) -> 0 | H70: =VLOOKUP('South-East'!$A65,'Tennessee V'!$C:$O,H$1+1,FALSE) -> 0 | I70: =VLOOKUP('South-East'!$A65,'Tennessee V'!$C:$O,I$1+1,FALSE) -> SN | J70: =VLOOKUP('South-East'!$A65,'Tennessee V'!$C:$O,J$1+1,FALSE) -> PT | ... N70: =VLOOKUP('South-East'!$A65,'Tennessee V'!$C:$O,N$1+1,FALSE) -> 0
A71: Bell pepper | B71: #VALUE! | C71: =VLOOKUP('South-East'!$A65,'Virginia V'!$C:$O,C$1+1,FALSE) -> 0 | D71: =VLOOKUP('South-East'!$A65,'Virginia V'!$C:$O,D$1+1,FALSE) -> 0 | E71: =VLOOKUP('South-East'!$A65,'Virginia V'!$C:$O,E$1+1,FALSE) -> 0 | F71: =VLOOKUP('South-East'!$A65,'Virginia V'!$C:$O,F$1+1,FALSE) -> 0 | G71: =VLOOKUP('South-East'!$A65,'Virginia V'!$C:$O,G$1+1,FALSE) -> 0 | H71: =VLOOKUP('South-East'!$A65,'Virginia V'!$C:$O,H$1+1,FALSE) -> 0 | I71: =VLOOKUP('South-East'!$A65,'Virginia V'!$C:$O,I$1+1,FALSE) -> SN | J71: =VLOOKUP('South-East'!$A65,'Virginia V'!$C:$O,J$1+1,FALSE) -> PT | ... N71: =VLOOKUP('South-East'!$A65,'Virginia V'!$C:$O,N$1+1,FALSE) -> 0
A72: Bell pepper | B72: #VALUE! | C72: =VLOOKUP('South-East'!$A65,'West-Virginia V'!$C:$O,C$1+1,FALSE) -> 0 | D72: =VLOOKUP('South-East'!$A65,'West-Virginia V'!$C:$O,D$1+1,FALSE) -> 0 | E72: =VLOOKUP('South-East'!$A65,'West-Virginia V'!$C:$O,E$1+1,FALSE) -> 0 | F72: =VLOOKUP('South-East'!$A65,'West-Virginia V'!$C:$O,F$1+1,FALSE) -> 0 | G72: =VLOOKUP('South-East'!$A65,'West-Virginia V'!$C:$O,G$1+1,FALSE) -> 0 | H72: =VLOOKUP('South-East'!$A65,'West-Virginia V'!$C:$O,H$1+1,FALSE) -> SN* | I72: =VLOOKUP('South-East'!$A65,'West-Virginia V'!$C:$O,I$1+1,FALSE) -> PT | J72: =VLOOKUP('South-East'!$A65,'West-Virginia V'!$C:$O,J$1+1,FALSE) -> PT | ... N72: =VLOOKUP('South-East'!$A65,'West-Virginia V'!$C:$O,N$1+1,FALSE) -> 0
A73: Bell pepper | B73: South-East | C73: 0 | D73: 0 | E73: 0 | F73: 0 | G73: 0 | H73: SN | I73: PT | J73: PT | K73: PT | L73: LC | M73: 0 | N73: 0
A74: Blackberry | B74: #VALUE! | C74: =VLOOKUP('South-East'!$A74,'Alabama V'!$C:$O,C$1+1,FALSE) -> 0 | D74: =VLOOKUP('South-East'!$A74,'Alabama V'!$C:$O,D$1+1,FALSE) -> 0 | E74: =VLOOKUP('South-East'!$A74,'Alabama V'!$C:$O,E$1+1,FALSE) -> 0 | F74: =VLOOKUP('South-East'!$A74,'Alabama V'!$C:$O,F$1+1,FALSE) -> 0 | G74: =VLOOKUP('South-East'!$A74,'Alabama V'!$C:$O,G$1+1,FALSE) -> 0 | H74: =VLOOKUP('South-East'!$A74,'Alabama V'!$C:$O,H$1+1,FALSE) -> SN* | I74: =VLOOKUP('South-East'!$A74,'Alabama V'!$C:$O,I$1+1,FALSE) -> PT | J74: =VLOOKUP('South-East'!$A74,'Alabama V'!$C:$O,J$1+1,FALSE) -> PT* | ... N74: =VLOOKUP('South-East'!$A74,'Alabama V'!$C:$O,N$1+1,FALSE) -> 0
A75: Blackberry | B75: #VALUE! | C75: =VLOOKUP('South-East'!$A74,'Georgia V'!$C:$O,C$1+1,FALSE) -> 0 | D75: =VLOOKUP('South-East'!$A74,'Georgia V'!$C:$O,D$1+1,FALSE) -> 0 | E75: =VLOOKUP('South-East'!$A74,'Georgia V'!$C:$O,E$1+1,FALSE) -> 0 | F75: =VLOOKUP('South-East'!$A74,'Georgia V'!$C:$O,F$1+1,FALSE) -> 0 | G75: =VLOOKUP('South-East'!$A74,'Georgia V'!$C:$O,G$1+1,FALSE) -> * | H75: =VLOOKUP('South-East'!$A74,'Georgia V'!$C:$O,H$1+1,FALSE) -> SN | I75: =VLOOKUP('South-East'!$A74,'Georgia V'!$C:$O,I$1+1,FALSE) -> LC | J75: =VLOOKUP('South-East'!$A74,'Georgia V'!$C:$O,J$1+1,FALSE) -> 0 | ... N75: =VLOOKUP('South-East'!$A74,'Georgia V'!$C:$O,N$1+1,FALSE) -> 0 | O75: Some sources indeed already mention May: https://producebites.com/wp-content/uploads/2022/03/Calendar-3.37x6.5-2.pdf
A76: Blackberry | B76: #VALUE! | C76: =VLOOKUP('South-East'!$A74,'Mississippi V'!$C:$O,C$1+1,FALSE) -> 0 | D76: =VLOOKUP('South-East'!$A74,'Mississippi V'!$C:$O,D$1+1,FALSE) -> 0 | E76: =VLOOKUP('South-East'!$A74,'Mississippi V'!$C:$O,E$1+1,FALSE) -> 0 | F76: =VLOOKUP('South-East'!$A74,'Mississippi V'!$C:$O,F$1+1,FALSE) -> 0 | G76: =VLOOKUP('South-East'!$A74,'Mississippi V'!$C:$O,G$1+1,FALSE) -> 0 | H76: =VLOOKUP('South-East'!$A74,'Mississippi V'!$C:$O,H$1+1,FALSE) -> SN | I76: =VLOOKUP('South-East'!$A74,'Mississippi V'!$C:$O,I$1+1,FALSE) -> PT | J76: =VLOOKUP('South-East'!$A74,'Mississippi V'!$C:$O,J$1+1,FALSE) -> PT | ... N76: =VLOOKUP('South-East'!$A74,'Mississippi V'!$C:$O,N$1+1,FALSE) -> 0
A77: Blackberry | B77: #VALUE! | C77: =VLOOKUP('South-East'!$A74,'North Carolina V'!$C:$O,C$1+1,FALSE) -> 0 | D77: =VLOOKUP('South-East'!$A74,'North Carolina V'!$C:$O,D$1+1,FALSE) -> 0 | E77: =VLOOKUP('South-East'!$A74,'North Carolina V'!$C:$O,E$1+1,FALSE) -> 0 | F77: =VLOOKUP('South-East'!$A74,'North Carolina V'!$C:$O,F$1+1,FALSE) -> 0 | G77: =VLOOKUP('South-East'!$A74,'North Carolina V'!$C:$O,G$1+1,FALSE) -> 0 | H77: =VLOOKUP('South-East'!$A74,'North Carolina V'!$C:$O,H$1+1,FALSE) -> SN | I77: =VLOOKUP('South-East'!$A74,'North Carolina V'!$C:$O,I$1+1,FALSE) -> LC | J77: =VLOOKUP('South-East'!$A74,'North Carolina V'!$C:$O,J$1+1,FALSE) -> ? | ... N77: =VLOOKUP('South-East'!$A74,'North Carolina V'!$C:$O,N$1+1,FALSE) -> 0
A78: Blackberry | B78: #VALUE! | C78: =VLOOKUP('South-East'!$A74,'South Carolina V'!$C:$O,C$1+1,FALSE) -> 0 | D78: =VLOOKUP('South-East'!$A74,'South Carolina V'!$C:$O,D$1+1,FALSE) -> 0 | E78: =VLOOKUP('South-East'!$A74,'South Carolina V'!$C:$O,E$1+1,FALSE) -> 0 | F78: =VLOOKUP('South-East'!$A74,'South Carolina V'!$C:$O,F$1+1,FALSE) -> 0 | G78: =VLOOKUP('South-East'!$A74,'South Carolina V'!$C:$O,G$1+1,FALSE) -> 0 | H78: =VLOOKUP('South-East'!$A74,'South Carolina V'!$C:$O,H$1+1,FALSE) -> SN | I78: =VLOOKUP('South-East'!$A74,'South Carolina V'!$C:$O,I$1+1,FALSE) -> PT | J78: =VLOOKUP('South-East'!$A74,'South Carolina V'!$C:$O,J$1+1,FALSE) -> 0 | ... N78: =VLOOKUP('South-East'!$A74,'South Carolina V'!$C:$O,N$1+1,FALSE) -> 0
A79: Blackberry | B79: #VALUE! | C79: =VLOOKUP('South-East'!$A74,'Tennessee V'!$C:$O,C$1+1,FALSE) -> 0 | D79: =VLOOKUP('South-East'!$A74,'Tennessee V'!$C:$O,D$1+1,FALSE) -> 0 | E79: =VLOOKUP('South-East'!$A74,'Tennessee V'!$C:$O,E$1+1,FALSE) -> 0 | F79: =VLOOKUP('South-East'!$A74,'Tennessee V'!$C:$O,F$1+1,FALSE) -> 0 | G79: =VLOOKUP('South-East'!$A74,'Tennessee V'!$C:$O,G$1+1,FALSE) -> 0 | H79: =VLOOKUP('South-East'!$A74,'Tennessee V'!$C:$O,H$1+1,FALSE) -> SN | I79: =VLOOKUP('South-East'!$A74,'Tennessee V'!$C:$O,I$1+1,FALSE) -> PT | J79: =VLOOKUP('South-East'!$A74,'Tennessee V'!$C:$O,J$1+1,FALSE) -> PT | ... N79: =VLOOKUP('South-East'!$A74,'Tennessee V'!$C:$O,N$1+1,FALSE) -> 0
A80: Blackberry | B80: #VALUE! | C80: =VLOOKUP('South-East'!$A74,'Virginia V'!$C:$O,C$1+1,FALSE) -> 0 | D80: =VLOOKUP('South-East'!$A74,'Virginia V'!$C:$O,D$1+1,FALSE) -> 0 | E80: =VLOOKUP('South-East'!$A74,'Virginia V'!$C:$O,E$1+1,FALSE) -> 0 | F80: =VLOOKUP('South-East'!$A74,'Virginia V'!$C:$O,F$1+1,FALSE) -> 0 | G80: =VLOOKUP('South-East'!$A74,'Virginia V'!$C:$O,G$1+1,FALSE) -> 0 | H80: =VLOOKUP('South-East'!$A74,'Virginia V'!$C:$O,H$1+1,FALSE) -> SN | I80: =VLOOKUP('South-East'!$A74,'Virginia V'!$C:$O,I$1+1,FALSE) -> PT | J80: =VLOOKUP('South-East'!$A74,'Virginia V'!$C:$O,J$1+1,FALSE) -> LC | ... N80: =VLOOKUP('South-East'!$A74,'Virginia V'!$C:$O,N$1+1,FALSE) -> 0
A81: Blackberry | B81: #VALUE! | C81: =VLOOKUP('South-East'!$A74,'West-Virginia V'!$C:$O,C$1+1,FALSE) -> 0 | D81: =VLOOKUP('South-East'!$A74,'West-Virginia V'!$C:$O,D$1+1,FALSE) -> 0 | E81: =VLOOKUP('South-East'!$A74,'West-Virginia V'!$C:$O,E$1+1,FALSE) -> 0 | F81: =VLOOKUP('South-East'!$A74,'West-Virginia V'!$C:$O,F$1+1,FALSE) -> 0 | G81: =VLOOKUP('South-East'!$A74,'West-Virginia V'!$C:$O,G$1+1,FALSE) -> 0 | H81: =VLOOKUP('South-East'!$A74,'West-Virginia V'!$C:$O,H$1+1,FALSE) -> 0 | I81: =VLOOKUP('South-East'!$A74,'West-Virginia V'!$C:$O,I$1+1,FALSE) -> SN | J81: =VLOOKUP('South-East'!$A74,'West-Virginia V'!$C:$O,J$1+1,FALSE) -> LC | ... N81: =VLOOKUP('South-East'!$A74,'West-Virginia V'!$C:$O,N$1+1,FALSE) -> 0 | O81: Blackberries only start late July (https://www.wowktv.com/news/west-virginia/when-to-collect-these-5-forageable-foods-in-west-virginia/).
A82: Blackberry | B82: South-East | C82: 0 | D82: 0 | E82: 0 | F82: 0 | G82: 0 | H82: SN | I82: PT | J82: LC | K82: 0 | L82: 0 | M82: 0 | N82: 0 | O82: Maybe include West-Virginia in a different region?
A83: Blueberry | B83: #VALUE! | C83: =VLOOKUP('South-East'!$A83,'Alabama V'!$C:$O,C$1+1,FALSE) -> 0 | D83: =VLOOKUP('South-East'!$A83,'Alabama V'!$C:$O,D$1+1,FALSE) -> 0 | E83: =VLOOKUP('South-East'!$A83,'Alabama V'!$C:$O,E$1+1,FALSE) -> 0 | F83: =VLOOKUP('South-East'!$A83,'Alabama V'!$C:$O,F$1+1,FALSE) -> 0 | G83: =VLOOKUP('South-East'!$A83,'Alabama V'!$C:$O,G$1+1,FALSE) -> SN | H83: =VLOOKUP('South-East'!$A83,'Alabama V'!$C:$O,H$1+1,FALSE) -> PT | I83: =VLOOKUP('South-East'!$A83,'Alabama V'!$C:$O,I$1+1,FALSE) -> PT | J83: =VLOOKUP('South-East'!$A83,'Alabama V'!$C:$O,J$1+1,FALSE) -> LC* | ... N83: =VLOOKUP('South-East'!$A83,'Alabama V'!$C:$O,N$1+1,FALSE) -> 0
A84: Blueberry | B84: #VALUE! | C84: =VLOOKUP('South-East'!$A83,'Georgia V'!$C:$O,C$1+1,FALSE) -> 0 | D84: =VLOOKUP('South-East'!$A83,'Georgia V'!$C:$O,D$1+1,FALSE) -> 0 | E84: =VLOOKUP('South-East'!$A83,'Georgia V'!$C:$O,E$1+1,FALSE) -> 0 | F84: =VLOOKUP('South-East'!$A83,'Georgia V'!$C:$O,F$1+1,FALSE) -> 0 | G84: =VLOOKUP('South-East'!$A83,'Georgia V'!$C:$O,G$1+1,FALSE) -> * | H84: =VLOOKUP('South-East'!$A83,'Georgia V'!$C:$O,H$1+1,FALSE) -> SN | I84: =VLOOKUP('South-East'!$A83,'Georgia V'!$C:$O,I$1+1,FALSE) -> PT | J84: =VLOOKUP('South-East'!$A83,'Georgia V'!$C:$O,J$1+1,FALSE) -> LC | ... N84: =VLOOKUP('South-East'!$A83,'Georgia V'!$C:$O,N$1+1,FALSE) -> 0
A85: Blueberry | B85: #VALUE! | C85: =VLOOKUP('South-East'!$A83,'Mississippi V'!$C:$O,C$1+1,FALSE) -> 0 | D85: =VLOOKUP('South-East'!$A83,'Mississippi V'!$C:$O,D$1+1,FALSE) -> 0 | E85: =VLOOKUP('South-East'!$A83,'Mississippi V'!$C:$O,E$1+1,FALSE) -> 0 | F85: =VLOOKUP('South-East'!$A83,'Mississippi V'!$C:$O,F$1+1,FALSE) -> 0 | G85: =VLOOKUP('South-East'!$A83,'Mississippi V'!$C:$O,G$1+1,FALSE) -> SN | H85: =VLOOKUP('South-East'!$A83,'Mississippi V'!$C:$O,H$1+1,FALSE) -> PT | I85: =VLOOKUP('South-East'!$A83,'Mississippi V'!$C:$O,I$1+1,FALSE) -> LC | J85: =VLOOKUP('South-East'!$A83,'Mississippi V'!$C:$O,J$1+1,FALSE) -> 0 | ... N85: =VLOOKUP('South-East'!$A83,'Mississippi V'!$C:$O,N$1+1,FALSE) -> 0
A86: Blueberry | B86: #VALUE! | C86: =VLOOKUP('South-East'!$A83,'North Carolina V'!$C:$O,C$1+1,FALSE) -> 0 | D86: =VLOOKUP('South-East'!$A83,'North Carolina V'!$C:$O,D$1+1,FALSE) -> 0 | E86: =VLOOKUP('South-East'!$A83,'North Carolina V'!$C:$O,E$1+1,FALSE) -> 0 | F86: =VLOOKUP('South-East'!$A83,'North Carolina V'!$C:$O,F$1+1,FALSE) -> 0 | G86: =VLOOKUP('South-East'!$A83,'North Carolina V'!$C:$O,G$1+1,FALSE) -> SN | H86: =VLOOKUP('South-East'!$A83,'North Carolina V'!$C:$O,H$1+1,FALSE) -> PT | I86: =VLOOKUP('South-East'!$A83,'North Carolina V'!$C:$O,I$1+1,FALSE) -> LC | J86: =VLOOKUP('South-East'!$A83,'North Carolina V'!$C:$O,J$1+1,FALSE) -> 0 | ... N86: =VLOOKUP('South-East'!$A83,'North Carolina V'!$C:$O,N$1+1,FALSE) -> 0
A87: Blueberry | B87: #VALUE! | C87: =VLOOKUP('South-East'!$A83,'South Carolina V'!$C:$O,C$1+1,FALSE) -> 0 | D87: =VLOOKUP('South-East'!$A83,'South Carolina V'!$C:$O,D$1+1,FALSE) -> 0 | E87: =VLOOKUP('South-East'!$A83,'South Carolina V'!$C:$O,E$1+1,FALSE) -> 0 | F87: =VLOOKUP('South-East'!$A83,'South Carolina V'!$C:$O,F$1+1,FALSE) -> * | G87: =VLOOKUP('South-East'!$A83,'South Carolina V'!$C:$O,G$1+1,FALSE) -> SN* | H87: =VLOOKUP('South-East'!$A83,'South Carolina V'!$C:$O,H$1+1,FALSE) -> PT | I87: =VLOOKUP('South-East'!$A83,'South Carolina V'!$C:$O,I$1+1,FALSE) -> LC | J87: =VLOOKUP('South-East'!$A83,'South Carolina V'!$C:$O,J$1+1,FALSE) -> 0 | ... N87: =VLOOKUP('South-East'!$A83,'South Carolina V'!$C:$O,N$1+1,FALSE) -> 0
A88: Blueberry | B88: #VALUE! | C88: =VLOOKUP('South-East'!$A83,'Tennessee V'!$C:$O,C$1+1,FALSE) -> 0 | D88: =VLOOKUP('South-East'!$A83,'Tennessee V'!$C:$O,D$1+1,FALSE) -> 0 | E88: =VLOOKUP('South-East'!$A83,'Tennessee V'!$C:$O,E$1+1,FALSE) -> 0 | F88: =VLOOKUP('South-East'!$A83,'Tennessee V'!$C:$O,F$1+1,FALSE) -> 0 | G88: =VLOOKUP('South-East'!$A83,'Tennessee V'!$C:$O,G$1+1,FALSE) -> 0 | H88: =VLOOKUP('South-East'!$A83,'Tennessee V'!$C:$O,H$1+1,FALSE) -> SN | I88: =VLOOKUP('South-East'!$A83,'Tennessee V'!$C:$O,I$1+1,FALSE) -> PT | J88: =VLOOKUP('South-East'!$A83,'Tennessee V'!$C:$O,J$1+1,FALSE) -> LC | ... N88: =VLOOKUP('South-East'!$A83,'Tennessee V'!$C:$O,N$1+1,FALSE) -> 0 | O88: Starts in June: https://bcbstnews.com/bluehealthsolutions/4-tips-for-berry-picking-in-tennessee/
A89: Blueberry | B89: #VALUE! | C89: =VLOOKUP('South-East'!$A83,'Virginia V'!$C:$O,C$1+1,FALSE) -> 0 | D89: =VLOOKUP('South-East'!$A83,'Virginia V'!$C:$O,D$1+1,FALSE) -> 0 | E89: =VLOOKUP('South-East'!$A83,'Virginia V'!$C:$O,E$1+1,FALSE) -> 0 | F89: =VLOOKUP('South-East'!$A83,'Virginia V'!$C:$O,F$1+1,FALSE) -> 0 | G89: =VLOOKUP('South-East'!$A83,'Virginia V'!$C:$O,G$1+1,FALSE) -> 0 | H89: =VLOOKUP('South-East'!$A83,'Virginia V'!$C:$O,H$1+1,FALSE) -> SN | I89: =VLOOKUP('South-East'!$A83,'Virginia V'!$C:$O,I$1+1,FALSE) -> PT | J89: =VLOOKUP('South-East'!$A83,'Virginia V'!$C:$O,J$1+1,FALSE) -> LC | ... N89: =VLOOKUP('South-East'!$A83,'Virginia V'!$C:$O,N$1+1,FALSE) -> 0 | O89: Some mentions of May: https://agriberry.com/buy-fruit/whats-in-season/
A90: Blueberry | B90: #VALUE! | C90: =VLOOKUP('South-East'!$A83,'West-Virginia V'!$C:$O,C$1+1,FALSE) -> 0 | D90: =VLOOKUP('South-East'!$A83,'West-Virginia V'!$C:$O,D$1+1,FALSE) -> 0 | E90: =VLOOKUP('South-East'!$A83,'West-Virginia V'!$C:$O,E$1+1,FALSE) -> 0 | F90: =VLOOKUP('South-East'!$A83,'West-Virginia V'!$C:$O,F$1+1,FALSE) -> 0 | G90: =VLOOKUP('South-East'!$A83,'West-Virginia V'!$C:$O,G$1+1,FALSE) -> 0 | H90: =VLOOKUP('South-East'!$A83,'West-Virginia V'!$C:$O,H$1+1,FALSE) -> 0 | I90: =VLOOKUP('South-East'!$A83,'West-Virginia V'!$C:$O,I$1+1,FALSE) -> SN- | J90: =VLOOKUP('South-East'!$A83,'West-Virginia V'!$C:$O,J$1+1,FALSE) -> LC- | ... N90: =VLOOKUP('South-East'!$A83,'West-Virginia V'!$C:$O,N$1+1,FALSE) -> 0 | O90: Blueberries are also available from June, but not May https://wvdnr.gov/outdoor-recreation/plants-fungi/blueberries/
A91: Blueberry | B91: South-East | C91: 0 | D91: 0 | E91: 0 | F91: 0 | G91: SN | H91: PT | I91: PT | J91: LC | K91: 0 | L91: 0 | M91: 0 | N91: 0 | O91: Maybe include West-Virginia in a different region?
A92: Broad beans | B92: #VALUE! | C92: =VLOOKUP('South-East'!$A92,'Alabama V'!$C:$O,C$1+1,FALSE) -> 0 | D92: =VLOOKUP('South-East'!$A92,'Alabama V'!$C:$O,D$1+1,FALSE) -> 0 | E92: =VLOOKUP('South-East'!$A92,'Alabama V'!$C:$O,E$1+1,FALSE) -> 0 | F92: =VLOOKUP('South-East'!$A92,'Alabama V'!$C:$O,F$1+1,FALSE) -> 0 | G92: =VLOOKUP('South-East'!$A92,'Alabama V'!$C:$O,G$1+1,FALSE) -> 0 | H92: =VLOOKUP('South-East'!$A92,'Alabama V'!$C:$O,H$1+1,FALSE) -> 0 | I92: =VLOOKUP('South-East'!$A92,'Alabama V'!$C:$O,I$1+1,FALSE) -> 0 | J92: =VLOOKUP('South-East'!$A92,'Alabama V'!$C:$O,J$1+1,FALSE) -> 0 | ... N92: =VLOOKUP('South-East'!$A92,'Alabama V'!$C:$O,N$1+1,FALSE) -> 0
A93: Broad beans | B93: #VALUE! | C93: =VLOOKUP('South-East'!$A92,'Georgia V'!$C:$O,C$1+1,FALSE) -> #N/A | D93: =VLOOKUP('South-East'!$A92,'Georgia V'!$C:$O,D$1+1,FALSE) -> #N/A | E93: =VLOOKUP('South-East'!$A92,'Georgia V'!$C:$O,E$1+1,FALSE) -> #N/A | F93: =VLOOKUP('South-East'!$A92,'Georgia V'!$C:$O,F$1+1,FALSE) -> #N/A | G93: =VLOOKUP('South-East'!$A92,'Georgia V'!$C:$O,G$1+1,FALSE) -> #N/A | H93: =VLOOKUP('South-East'!$A92,'Georgia V'!$C:$O,H$1+1,FALSE) -> #N/A | I93: =VLOOKUP('South-East'!$A92,'Georgia V'!$C:$O,I$1+1,FALSE) -> #N/A | J93: =VLOOKUP('South-East'!$A92,'Georgia V'!$C:$O,J$1+1,FALSE) -> #N/A | ... N93: =VLOOKUP('South-East'!$A92,'Georgia V'!$C:$O,N$1+1,FALSE) -> #N/A
A94: Broad beans | B94: #VALUE! | C94: =VLOOKUP('South-East'!$A92,'Mississippi V'!$C:$O,C$1+1,FALSE) -> #N/A | D94: =VLOOKUP('South-East'!$A92,'Mississippi V'!$C:$O,D$1+1,FALSE) -> #N/A | E94: =VLOOKUP('South-East'!$A92,'Mississippi V'!$C:$O,E$1+1,FALSE) -> #N/A | F94: =VLOOKUP('South-East'!$A92,'Mississippi V'!$C:$O,F$1+1,FALSE) -> #N/A | G94: =VLOOKUP('South-East'!$A92,'Mississippi V'!$C:$O,G$1+1,FALSE) -> #N/A | H94: =VLOOKUP('South-East'!$A92,'Mississippi V'!$C:$O,H$1+1,FALSE) -> #N/A | I94: =VLOOKUP('South-East'!$A92,'Mississippi V'!$C:$O,I$1+1,FALSE) -> #N/A | J94: =VLOOKUP('South-East'!$A92,'Mississippi V'!$C:$O,J$1+1,FALSE) -> #N/A | ... N94: =VLOOKUP('South-East'!$A92,'Mississippi V'!$C:$O,N$1+1,FALSE) -> #N/A
A95: Broad beans | B95: #VALUE! | C95: =VLOOKUP('South-East'!$A92,'North Carolina V'!$C:$O,C$1+1,FALSE) -> #N/A | D95: =VLOOKUP('South-East'!$A92,'North Carolina V'!$C:$O,D$1+1,FALSE) -> #N/A | E95: =VLOOKUP('South-East'!$A92,'North Carolina V'!$C:$O,E$1+1,FALSE) -> #N/A | F95: =VLOOKUP('South-East'!$A92,'North Carolina V'!$C:$O,F$1+1,FALSE) -> #N/A | G95: =VLOOKUP('South-East'!$A92,'North Carolina V'!$C:$O,G$1+1,FALSE) -> #N/A | H95: =VLOOKUP('South-East'!$A92,'North Carolina V'!$C:$O,H$1+1,FALSE) -> #N/A | I95: =VLOOKUP('South-East'!$A92,'North Carolina V'!$C:$O,I$1+1,FALSE) -> #N/A | J95: =VLOOKUP('South-East'!$A92,'North Carolina V'!$C:$O,J$1+1,FALSE) -> #N/A | ... N95: =VLOOKUP('South-East'!$A92,'North Carolina V'!$C:$O,N$1+1,FALSE) -> #N/A
A96: Broad beans | B96: #VALUE! | C96: =VLOOKUP('South-East'!$A92,'South Carolina V'!$C:$O,C$1+1,FALSE) -> 0 | D96: =VLOOKUP('South-East'!$A92,'South Carolina V'!$C:$O,D$1+1,FALSE) -> 0 | E96: =VLOOKUP('South-East'!$A92,'South Carolina V'!$C:$O,E$1+1,FALSE) -> 0 | F96: =VLOOKUP('South-East'!$A92,'South Carolina V'!$C:$O,F$1+1,FALSE) -> 0 | G96: =VLOOKUP('South-East'!$A92,'South Carolina V'!$C:$O,G$1+1,FALSE) -> 0 | H96: =VLOOKUP('South-East'!$A92,'South Carolina V'!$C:$O,H$1+1,FALSE) -> 0 | I96: =VLOOKUP('South-East'!$A92,'South Carolina V'!$C:$O,I$1+1,FALSE) -> 0 | J96: =VLOOKUP('South-East'!$A92,'South Carolina V'!$C:$O,J$1+1,FALSE) -> 0 | ... N96: =VLOOKUP('South-East'!$A92,'South Carolina V'!$C:$O,N$1+1,FALSE) -> 0
A97: Broad beans | B97: #VALUE! | C97: =VLOOKUP('South-East'!$A92,'Tennessee V'!$C:$O,C$1+1,FALSE) -> #N/A | D97: =VLOOKUP('South-East'!$A92,'Tennessee V'!$C:$O,D$1+1,FALSE) -> #N/A | E97: =VLOOKUP('South-East'!$A92,'Tennessee V'!$C:$O,E$1+1,FALSE) -> #N/A | F97: =VLOOKUP('South-East'!$A92,'Tennessee V'!$C:$O,F$1+1,FALSE) -> #N/A | G97: =VLOOKUP('South-East'!$A92,'Tennessee V'!$C:$O,G$1+1,FALSE) -> #N/A | H97: =VLOOKUP('South-East'!$A92,'Tennessee V'!$C:$O,H$1+1,FALSE) -> #N/A | I97: =VLOOKUP('South-East'!$A92,'Tennessee V'!$C:$O,I$1+1,FALSE) -> #N/A | J97: =VLOOKUP('South-East'!$A92,'Tennessee V'!$C:$O,J$1+1,FALSE) -> #N/A | ... N97: =VLOOKUP('South-East'!$A92,'Tennessee V'!$C:$O,N$1+1,FALSE) -> #N/A
A98: Broad beans | B98: #VALUE! | C98: =VLOOKUP('South-East'!$A92,'Virginia V'!$C:$O,C$1+1,FALSE) -> #N/A | D98: =VLOOKUP('South-East'!$A92,'Virginia V'!$C:$O,D$1+1,FALSE) -> #N/A | E98: =VLOOKUP('South-East'!$A92,'Virginia V'!$C:$O,E$1+1,FALSE) -> #N/A | F98: =VLOOKUP('South-East'!$A92,'Virginia V'!$C:$O,F$1+1,FALSE) -> #N/A | G98: =VLOOKUP('South-East'!$A92,'Virginia V'!$C:$O,G$1+1,FALSE) -> #N/A | H98: =VLOOKUP('South-East'!$A92,'Virginia V'!$C:$O,H$1+1,FALSE) -> #N/A | I98: =VLOOKUP('South-East'!$A92,'Virginia V'!$C:$O,I$1+1,FALSE) -> #N/A | J98: =VLOOKUP('South-East'!$A92,'Virginia V'!$C:$O,J$1+1,FALSE) -> #N/A | ... N98: =VLOOKUP('South-East'!$A92,'Virginia V'!$C:$O,N$1+1,FALSE) -> #N/A
A99: Broad beans | B99: #VALUE! | C99: =VLOOKUP('South-East'!$A92,'West-Virginia V'!$C:$O,C$1+1,FALSE) -> 0 | D99: =VLOOKUP('South-East'!$A92,'West-Virginia V'!$C:$O,D$1+1,FALSE) -> 0 | E99: =VLOOKUP('South-East'!$A92,'West-Virginia V'!$C:$O,E$1+1,FALSE) -> 0 | F99: =VLOOKUP('South-East'!$A92,'West-Virginia V'!$C:$O,F$1+1,FALSE) -> 0 | G99: =VLOOKUP('South-East'!$A92,'West-Virginia V'!$C:$O,G$1+1,FALSE) -> 0 | H99: =VLOOKUP('South-East'!$A92,'West-Virginia V'!$C:$O,H$1+1,FALSE) -> 0 | I99: =VLOOKUP('South-East'!$A92,'West-Virginia V'!$C:$O,I$1+1,FALSE) -> 0 | J99: =VLOOKUP('South-East'!$A92,'West-Virginia V'!$C:$O,J$1+1,FALSE) -> 0 | ... N99: =VLOOKUP('South-East'!$A92,'West-Virginia V'!$C:$O,N$1+1,FALSE) -> 0
A100: Broad beans | B100: South-East | C100: 0 | D100: 0 | E100: 0 | F100: 0 | G100: 0 | H100: 0 | I100: 0 | J100: 0 | K100: 0 | L100: 0 | M100: 0 | N100: 0
...

Sheet Connecticut
A1: vegetable | B1: Fork Ranger name | C1: helpcolumn | D1: January | E1: February | F1: March | G1: April | H1: May | I1: June | J1: July | K1: August | L1: September | M1: October | N1: November | O1: December | P1: Source
A2: Apricots | B2: Abricot | C2: =CONCATENATE(A2,B2) -> ApricotsAbricot | J2: Starting Now | K2: Prime Time | L2: Last Chance | P2: Connecticut Grown Crop Availability Calendar
B3: Abricot | C3: =CONCATENATE(A3,B3) -> Abricot | J3: SN* | K3: PT* | L3: LC*
A4: Apples | B4: Apple | C4: =CONCATENATE(A4,B4) -> ApplesApple | D4: Storage | E4: Storage | F4: Storage | G4: Storage | J4: Starting Now | K4: Prime Time | L4: Prime Time | M4: Prime Time | N4: Storage | O4: Storage | P4: Connecticut Grown Crop Availability Calendar
A5: apples | B5: Apple | C5: =CONCATENATE(A5,B5) -> applesApple | J5: Starting Now | K5: Prime Time | L5: Prime Time | M5: Prime Time | N5: Prime Time | O5: Last Chance | P5: Connecticut Seasonal Food Guide
B6: Apple | C6: =CONCATENATE(A6,B6) -> Apple | D6: GFS | E6: GFS | F6: GFS | G6: LC | J6: SN | K6: PT | L6: PT | M6: PT | N6: GFS | O6: GFS
B7: Artichoke | C7: =CONCATENATE(A7,B7) -> Artichoke
B8: Asian pears | C8: =CONCATENATE(A8,B8) -> Asian pears
A9: Asparagus | B9: Asparagus | C9: =CONCATENATE(A9,B9) -> AsparagusAsparagus | G9: Starting Now | H9: Prime Time | I9: Last Chance | P9: Connecticut Grown Crop Availability Calendar
A10: asparagus | B10: Asparagus | C10: =CONCATENATE(A10,B10) -> asparagusAsparagus | H10: Starting Now | I10: Last Chance | P10: Connecticut Seasonal Food Guide
B11: Asparagus | C11: =CONCATENATE(A11,B11) -> Asparagus | G11: * | H11: SN | I11: LC
A12: Aubergine | B12: Aubergine | C12: =CONCATENATE(A12,B12) -> AubergineAubergine | I12: Extended Season | J12: Prime Time | K12: Prime Time | L12: Prime Time | M12: Last Chance | P12: Connecticut Grown Crop Availability Calendar
A13: eggplant | B13: Aubergine | C13: =CONCATENATE(A13,B13) -> eggplantAubergine | J13: Starting Now | K13: Prime Time | L13: Prime Time | M13: Last Chance | P13: Connecticut Seasonal Food Guide
B14: Aubergine | C14: =CONCATENATE(A14,B14) -> Aubergine | I14: ES* | J14: SN | K14: PT | L14: PT | M14: LC
B15: Avocado | C15: =CONCATENATE(A15,B15) -> Avocado
A16: Beets | B16: Beetroot | C16: =CONCATENATE(A16,B16) -> BeetsBeetroot | D16: Extended Season | E16: Extended Season | F16: Extended Season | G16: Extended Season | H16: Extended Season | I16: Extended Season | J16: Prime Time | K16: Prime Time | L16: Prime Time | M16: Prime Time | N16: Extended Season | O16: Extended Season | P16: Connecticut Grown Crop Availability Calendar
A17: beets | B17: Beetroot | C17: =CONCATENATE(A17,B17) -> beetsBeetroot | J17: Starting Now | K17: Prime Time | L17: Prime Time | M17: Last Chance | P17: Connecticut Seasonal Food Guide
B18: Beetroot | C18: =CONCATENATE(A18,B18) -> Beetroot | D18: ES* | E18: ES* | F18: ES* | G18: ES* | H18: ES* | I18: ES* | J18: SN | K18: PT | L18: PT | M18: LC | N18: ES* | O18: ES*
A19: Peppers | B19: Bell pepper | C19: =CONCATENATE(A19,B19) -> PeppersBell pepper | I19: Starting Now | J19: Prime Time | K19: Prime Time | L19: Prime Time | M19: Last Chance | P19: Connecticut Grown Crop Availability Calendar
A20: peppers | B20: Bell pepper | C20: =CONCATENATE(A20,B20) -> peppersBell pepper | J20: Starting Now | K20: Prime Time | L20: Prime Time | M20: Last Chance | P20: Connecticut Seasonal Food Guide
B21: Bell pepper | C21: =CONCATENATE(A21,B21) -> Bell pepper | I21: * | J21: PT | K21: PT | L21: PT | M21: LC
A22: Blackberries | B22: Blackberry | C22: =CONCATENATE(A22,B22) -> BlackberriesBlackberry | I22: Starting Now | J22: Last Chance | P22: Connecticut Grown Crop Availability Calendar
A23: blackberries | B23: Blackberry | C23: =CONCATENATE(A23,B23) -> blackberriesBlackberry | J23: Starting Now | K23: Last Chance | P23: Connecticut Seasonal Food Guide
B24: Blackberry | C24: =CONCATENATE(A24,B24) -> Blackberry | I24: * | J24: PT | K24: *
A25: Blueberries | B25: Blueberry | C25: =CONCATENATE(A25,B25) -> BlueberriesBlueberry | I25: Starting Now | J25: Last Chance | P25: Connecticut Grown Crop Availability Calendar
A26: blueberries | B26: Blueberry | C26: =CONCATENATE(A26,B26) -> blueberriesBlueberry | J26: Starting Now | K26: Last Chance | P26: Connecticut Seasonal Food Guide
B27: Blueberry | C27: =CONCATENATE(A27,B27) -> Blueberry | I27: * | J27: PT | K27: *
A28: Bok Choy | B28: Bok choy | C28: =CONCATENATE(A28,B28) -> Bok ChoyBok choy | G28: Extended Season | H28: Extended Season | I28: Prime Time | J28: Prime Time | K28: Prime Time | L28: Prime Time | M28: Last Chance | P28: Connecticut Grown Crop Availability Calendar
A29: bok-choy | B29: Bok choy | C29: =CONCATENATE(A29,B29) -> bok-choyBok choy | J29: Starting Now | K29: Prime Time | L29: Prime Time | M29: Last Chance | P29: Connecticut Seasonal Food Guide
B30: Bok choy | C30: =CONCATENATE(A30,B30) -> Bok choy | G30: ES* | H30: ES* | I30: * | J30: PT | K30: PT | L30: PT | M30: LC
A31: boysenberries | B31: Boysenberry | C31: =CONCATENATE(A31,B31) -> boysenberriesBoysenberry | I31: Starting Now | J31: Last Chance | L31: Starting Now | M31: Last Chance | P31: Connecticut Seasonal Food Guide
B32: Boysenberry | C32: =CONCATENATE(A32,B32) -> Boysenberry | I32: SN* | J32: LC* | L32: SN* | M32: LC*
B33: Broad beans | C33: =CONCATENATE(A33,B33) -> Broad beans
